자연,광치기해변,20190601 ,3
자연,광치기해변,20190602 ,4
자연,광치기해변,20190603 ,2
자연,광치기해변,20190604 ,4
자연,광치기해변,20190605 ,3
자연,광치기해변,20190606 ,1
자연,광치기해변,20190607 ,4
자연,광치기해변,20190608 ,3
자연,광치기해변,20190609 ,3
자연,광치기해변,20190610 ,6
자연,광치기해변,20190611 ,5
자연,광치기해변,20190612 ,4
자연,광치기해변,20190613 ,2
자연,광치기해변,20190614 ,4
자연,광치기해변,20190615 ,1
자연,광치기해변,20190616 ,5
자연,광치기해변,20190617 ,1
자연,광치기해변,20190618 ,6
자연,광치기해변,20190619 ,1
자연,광치기해변,20190620 ,6
자연,광치기해변,20190621 ,2
자연,광치기해변,20190622 ,4
자연,광치기해변,20190624 ,1
자연,광치기해변,20190625 ,7
자연,광치기해변,20190626 ,7
자연,광치기해변,20190627 ,4
자연,광치기해변,20190628 ,4
자연,광치기해변,20190629 ,1
자연,광치기해변,20190630 ,3
자연,광치기해변,20190701 ,4
자연,광치기해변,20190702 ,3
자연,광치기해변,20190703 ,3
자연,광치기해변,20190704 ,4
자연,광치기해변,20190705 ,3
자연,광치기해변,20190706 ,3
자연,광치기해변,20190707 ,3
자연,광치기해변,20190708 ,2
자연,광치기해변,20190709 ,1
자연,광치기해변,20190710 ,5
자연,광치기해변,20190711 ,3
자연,광치기해변,20190712 ,2
자연,광치기해변,20190713 ,2
자연,광치기해변,20190714 ,1
자연,광치기해변,20190715 ,1
자연,광치기해변,20190716 ,1
자연,광치기해변,20190717 ,2
자연,광치기해변,20190718 ,4
자연,광치기해변,20190719 ,4
자연,광치기해변,20190720 ,1
자연,광치기해변,20190721 ,4
자연,광치기해변,20190722 ,3
자연,광치기해변,20190723 ,1
자연,광치기해변,20190724 ,3
자연,광치기해변,20190725 ,7
자연,광치기해변,20190726 ,2
자연,광치기해변,20190727 ,2
자연,광치기해변,20190728 ,3
자연,광치기해변,20190730 ,5
자연,광치기해변,20190801 ,3
자연,광치기해변,20190802 ,4
자연,광치기해변,20190803 ,2
자연,광치기해변,20190804 ,9
자연,광치기해변,20190805 ,3
자연,광치기해변,20190806 ,1
자연,광치기해변,20190808 ,6
자연,광치기해변,20190809 ,3
자연,광치기해변,20190810 ,4
자연,광치기해변,20190811 ,2
자연,광치기해변,20190812 ,4
자연,광치기해변,20190813 ,5
자연,광치기해변,20190814 ,3
자연,광치기해변,20190816 ,3
자연,광치기해변,20190817 ,2
자연,광치기해변,20190818 ,3
자연,광치기해변,20190819 ,2
자연,광치기해변,20190820 ,3
자연,광치기해변,20190821 ,4
자연,광치기해변,20190822 ,2
자연,광치기해변,20190823 ,4
자연,광치기해변,20190824 ,4
자연,광치기해변,20190825 ,1
자연,광치기해변,20190826 ,1
자연,광치기해변,20190827 ,5
자연,광치기해변,20190828 ,3
자연,광치기해변,20190829 ,3
자연,광치기해변,20190830 ,4
자연,광치기해변,20190831 ,3
자연,광치기해변,20190901 ,1
자연,광치기해변,20190902 ,4
자연,광치기해변,20190903 ,2
자연,광치기해변,20190904 ,1
자연,광치기해변,20190905 ,5
자연,광치기해변,20190906 ,1
자연,광치기해변,20190907 ,1
자연,광치기해변,20190908 ,2
자연,광치기해변,20190909 ,3
자연,광치기해변,20190910 ,2
자연,광치기해변,20190911 ,1
자연,광치기해변,20190912 ,3
자연,광치기해변,20190916 ,1
자연,광치기해변,20190917 ,2
자연,광치기해변,20190918 ,2
자연,광치기해변,20190919 ,2
자연,광치기해변,20190920 ,2
자연,광치기해변,20190921 ,1
자연,광치기해변,20190922 ,1
자연,광치기해변,20190923 ,3
자연,광치기해변,20190924 ,2
자연,광치기해변,20190925 ,3
자연,광치기해변,20190926 ,4
자연,광치기해변,20190927 ,2
자연,광치기해변,20190928 ,1
자연,광치기해변,20190929 ,1
자연,광치기해변,20190930 ,3
자연,광치기해변,20191001 ,5
자연,광치기해변,20191002 ,1
자연,광치기해변,20191004 ,3
자연,광치기해변,20191005 ,1
자연,광치기해변,20191006 ,3
자연,광치기해변,20191007 ,3
자연,광치기해변,20191008 ,3
자연,광치기해변,20191009 ,1
자연,광치기해변,20191010 ,1
자연,광치기해변,20191011 ,3
자연,광치기해변,20191012 ,1
자연,광치기해변,20191013 ,2
자연,광치기해변,20191014 ,6
자연,광치기해변,20191015 ,4
자연,광치기해변,20191016 ,3
자연,광치기해변,20191017 ,7
자연,광치기해변,20191018 ,1
자연,광치기해변,20191019 ,2
자연,광치기해변,20191020 ,2
자연,광치기해변,20191021 ,5
자연,광치기해변,20191022 ,7
자연,광치기해변,20191023 ,4
자연,광치기해변,20191024 ,5
자연,광치기해변,20191025 ,4
자연,광치기해변,20191026 ,3
자연,광치기해변,20191027 ,2
자연,광치기해변,20191028 ,5
자연,광치기해변,20191029 ,3
자연,광치기해변,20191030 ,3
자연,광치기해변,20191031 ,2
자연,광치기해변,20191101 ,3
자연,광치기해변,20191102 ,1
자연,광치기해변,20191103 ,1
자연,광치기해변,20191104 ,4
자연,광치기해변,20191105 ,4
자연,광치기해변,20191106 ,4
자연,광치기해변,20191107 ,4
자연,광치기해변,20191109 ,4
자연,광치기해변,20191110 ,3
자연,광치기해변,20191111 ,3
자연,광치기해변,20191112 ,4
자연,광치기해변,20191113 ,4
자연,광치기해변,20191114 ,3
자연,광치기해변,20191115 ,5
자연,광치기해변,20191116 ,3
자연,광치기해변,20191117 ,1
자연,광치기해변,20191119 ,6
자연,광치기해변,20191120 ,4
자연,광치기해변,20191121 ,1
자연,광치기해변,20191122 ,2
자연,광치기해변,20191123 ,2
자연,광치기해변,20191124 ,2
자연,광치기해변,20191125 ,1
자연,광치기해변,20191126 ,2
자연,광치기해변,20191127 ,4
자연,광치기해변,20191128 ,5
자연,광치기해변,20191129 ,3
자연,광치기해변,20191130 ,8
자연,광치기해변,20191201 ,2
자연,광치기해변,20191202 ,1
자연,광치기해변,20191203 ,4
자연,광치기해변,20191204 ,3
자연,광치기해변,20191205 ,8
자연,광치기해변,20191206 ,3
자연,광치기해변,20191207 ,1
자연,광치기해변,20191208 ,2
자연,광치기해변,20191209 ,6
자연,광치기해변,20191210 ,7
자연,광치기해변,20191211 ,2
자연,광치기해변,20191212 ,2
자연,광치기해변,20191213 ,4
자연,광치기해변,20191214 ,4
자연,광치기해변,20191215 ,2
자연,광치기해변,20191216 ,1
자연,광치기해변,20191217 ,3
자연,광치기해변,20191218 ,1
자연,광치기해변,20191219 ,3
자연,광치기해변,20191220 ,5
자연,광치기해변,20191221 ,2
자연,광치기해변,20191222 ,1
자연,광치기해변,20191223 ,9
자연,광치기해변,20191224 ,4
자연,광치기해변,20191225 ,4
자연,광치기해변,20191226 ,6
자연,광치기해변,20191227 ,6
자연,광치기해변,20191228 ,5
자연,광치기해변,20191229 ,3
자연,광치기해변,20191230 ,7
자연,광치기해변,20191231 ,9
자연,만장굴,20190601 ,3
자연,만장굴,20190602 ,2
자연,만장굴,20190603 ,4
자연,만장굴,20190604 ,4
자연,만장굴,20190605 ,2
자연,만장굴,20190606 ,2
자연,만장굴,20190608 ,1
자연,만장굴,20190610 ,5
자연,만장굴,20190611 ,5
자연,만장굴,20190612 ,4
자연,만장굴,20190613 ,5
자연,만장굴,20190614 ,5
자연,만장굴,20190615 ,2
자연,만장굴,20190616 ,8
자연,만장굴,20190617 ,5
자연,만장굴,20190618 ,3
자연,만장굴,20190619 ,4
자연,만장굴,20190620 ,5
자연,만장굴,20190621 ,3
자연,만장굴,20190622 ,5
자연,만장굴,20190623 ,6
자연,만장굴,20190624 ,8
자연,만장굴,20190625 ,6
자연,만장굴,20190626 ,8
자연,만장굴,20190627 ,5
자연,만장굴,20190628 ,5
자연,만장굴,20190629 ,3
자연,만장굴,20190630 ,4
자연,만장굴,20190701 ,6
자연,만장굴,20190702 ,5
자연,만장굴,20190703 ,3
자연,만장굴,20190704 ,5
자연,만장굴,20190705 ,2
자연,만장굴,20190706 ,6
자연,만장굴,20190707 ,4
자연,만장굴,20190708 ,3
자연,만장굴,20190709 ,5
자연,만장굴,20190710 ,2
자연,만장굴,20190711 ,4
자연,만장굴,20190712 ,4
자연,만장굴,20190713 ,4
자연,만장굴,20190714 ,2
자연,만장굴,20190715 ,4
자연,만장굴,20190716 ,2
자연,만장굴,20190717 ,6
자연,만장굴,20190718 ,3
자연,만장굴,20190719 ,1
자연,만장굴,20190720 ,1
자연,만장굴,20190721 ,3
자연,만장굴,20190722 ,3
자연,만장굴,20190723 ,3
자연,만장굴,20190724 ,5
자연,만장굴,20190725 ,2
자연,만장굴,20190726 ,4
자연,만장굴,20190727 ,1
자연,만장굴,20190728 ,4
자연,만장굴,20190729 ,6
자연,만장굴,20190730 ,2
자연,만장굴,20190731 ,3
자연,만장굴,20190801 ,5
자연,만장굴,20190802 ,5
자연,만장굴,20190803 ,1
자연,만장굴,20190804 ,6
자연,만장굴,20190805 ,10
자연,만장굴,20190806 ,4
자연,만장굴,20190807 ,10
자연,만장굴,20190808 ,4
자연,만장굴,20190809 ,8
자연,만장굴,20190810 ,3
자연,만장굴,20190811 ,6
자연,만장굴,20190812 ,7
자연,만장굴,20190813 ,4
자연,만장굴,20190814 ,2
자연,만장굴,20190815 ,2
자연,만장굴,20190816 ,6
자연,만장굴,20190817 ,6
자연,만장굴,20190818 ,6
자연,만장굴,20190819 ,5
자연,만장굴,20190820 ,5
자연,만장굴,20190821 ,5
자연,만장굴,20190822 ,6
자연,만장굴,20190823 ,9
자연,만장굴,20190824 ,3
자연,만장굴,20190825 ,2
자연,만장굴,20190826 ,3
자연,만장굴,20190827 ,3
자연,만장굴,20190828 ,1
자연,만장굴,20190829 ,3
자연,만장굴,20190830 ,7
자연,만장굴,20190831 ,3
자연,만장굴,20190901 ,1
자연,만장굴,20190902 ,4
자연,만장굴,20190903 ,3
자연,만장굴,20190904 ,4
자연,만장굴,20190905 ,5
자연,만장굴,20190906 ,2
자연,만장굴,20190907 ,2
자연,만장굴,20190908 ,1
자연,만장굴,20190909 ,6
자연,만장굴,20190910 ,1
자연,만장굴,20190911 ,1
자연,만장굴,20190912 ,1
자연,만장굴,20190913 ,1
자연,만장굴,20190914 ,1
자연,만장굴,20190915 ,6
자연,만장굴,20190916 ,4
자연,만장굴,20190918 ,1
자연,만장굴,20190919 ,2
자연,만장굴,20190920 ,2
자연,만장굴,20190922 ,1
자연,만장굴,20190923 ,2
자연,만장굴,20190924 ,3
자연,만장굴,20190925 ,1
자연,만장굴,20190926 ,2
자연,만장굴,20190927 ,5
자연,만장굴,20190929 ,1
자연,만장굴,20190930 ,5
자연,만장굴,20191001 ,2
자연,만장굴,20191002 ,4
자연,만장굴,20191003 ,5
자연,만장굴,20191004 ,3
자연,만장굴,20191005 ,4
자연,만장굴,20191006 ,2
자연,만장굴,20191007 ,5
자연,만장굴,20191008 ,3
자연,만장굴,20191009 ,1
자연,만장굴,20191010 ,3
자연,만장굴,20191011 ,4
자연,만장굴,20191013 ,4
자연,만장굴,20191014 ,4
자연,만장굴,20191015 ,2
자연,만장굴,20191016 ,5
자연,만장굴,20191017 ,3
자연,만장굴,20191018 ,6
자연,만장굴,20191019 ,2
자연,만장굴,20191021 ,4
자연,만장굴,20191022 ,1
자연,만장굴,20191023 ,7
자연,만장굴,20191024 ,1
자연,만장굴,20191025 ,1
자연,만장굴,20191027 ,3
자연,만장굴,20191028 ,3
자연,만장굴,20191029 ,5
자연,만장굴,20191030 ,2
자연,만장굴,20191031 ,5
자연,만장굴,20191101 ,2
자연,만장굴,20191103 ,1
자연,만장굴,20191104 ,1
자연,만장굴,20191105 ,4
자연,만장굴,20191106 ,4
자연,만장굴,20191107 ,4
자연,만장굴,20191108 ,3
자연,만장굴,20191111 ,1
자연,만장굴,20191112 ,2
자연,만장굴,20191113 ,4
자연,만장굴,20191114 ,1
자연,만장굴,20191115 ,3
자연,만장굴,20191116 ,9
자연,만장굴,20191117 ,1
자연,만장굴,20191118 ,4
자연,만장굴,20191119 ,3
자연,만장굴,20191120 ,5
자연,만장굴,20191121 ,2
자연,만장굴,20191122 ,3
자연,만장굴,20191123 ,2
자연,만장굴,20191124 ,1
자연,만장굴,20191125 ,7
자연,만장굴,20191126 ,2
자연,만장굴,20191127 ,2
자연,만장굴,20191128 ,2
자연,만장굴,20191129 ,3
자연,만장굴,20191201 ,1
자연,만장굴,20191202 ,1
자연,만장굴,20191203 ,5
자연,만장굴,20191204 ,3
자연,만장굴,20191205 ,3
자연,만장굴,20191206 ,2
자연,만장굴,20191207 ,1
자연,만장굴,20191208 ,4
자연,만장굴,20191209 ,1
자연,만장굴,20191210 ,3
자연,만장굴,20191211 ,6
자연,만장굴,20191212 ,2
자연,만장굴,20191213 ,3
자연,만장굴,20191214 ,1
자연,만장굴,20191215 ,1
자연,만장굴,20191216 ,1
자연,만장굴,20191217 ,2
자연,만장굴,20191218 ,2
자연,만장굴,20191219 ,5
자연,만장굴,20191220 ,3
자연,만장굴,20191221 ,1
자연,만장굴,20191222 ,1
자연,만장굴,20191223 ,7
자연,만장굴,20191225 ,2
자연,만장굴,20191226 ,2
자연,만장굴,20191227 ,2
자연,만장굴,20191228 ,3
자연,만장굴,20191229 ,2
자연,만장굴,20191231 ,1
자연,수월봉,20190601 ,5
자연,수월봉,20190602 ,5
자연,수월봉,20190603 ,4
자연,수월봉,20190604 ,4
자연,수월봉,20190605 ,3
자연,수월봉,20190606 ,3
자연,수월봉,20190607 ,2
자연,수월봉,20190608 ,2
자연,수월봉,20190609 ,2
자연,수월봉,20190610 ,9
자연,수월봉,20190611 ,2
자연,수월봉,20190612 ,3
자연,수월봉,20190613 ,3
자연,수월봉,20190614 ,1
자연,수월봉,20190615 ,2
자연,수월봉,20190616 ,3
자연,수월봉,20190617 ,3
자연,수월봉,20190618 ,1
자연,수월봉,20190619 ,3
자연,수월봉,20190620 ,2
자연,수월봉,20190621 ,7
자연,수월봉,20190622 ,4
자연,수월봉,20190623 ,4
자연,수월봉,20190624 ,4
자연,수월봉,20190625 ,1
자연,수월봉,20190626 ,4
자연,수월봉,20190628 ,6
자연,수월봉,20190629 ,3
자연,수월봉,20190630 ,2
자연,수월봉,20190701 ,1
자연,수월봉,20190702 ,1
자연,수월봉,20190703 ,4
자연,수월봉,20190704 ,1
자연,수월봉,20190705 ,1
자연,수월봉,20190706 ,3
자연,수월봉,20190707 ,5
자연,수월봉,20190708 ,3
자연,수월봉,20190709 ,2
자연,수월봉,20190710 ,2
자연,수월봉,20190711 ,3
자연,수월봉,20190712 ,3
자연,수월봉,20190713 ,3
자연,수월봉,20190714 ,2
자연,수월봉,20190715 ,3
자연,수월봉,20190716 ,5
자연,수월봉,20190717 ,2
자연,수월봉,20190718 ,2
자연,수월봉,20190719 ,5
자연,수월봉,20190720 ,1
자연,수월봉,20190721 ,4
자연,수월봉,20190722 ,5
자연,수월봉,20190723 ,2
자연,수월봉,20190724 ,2
자연,수월봉,20190725 ,1
자연,수월봉,20190726 ,2
자연,수월봉,20190727 ,3
자연,수월봉,20190728 ,3
자연,수월봉,20190729 ,5
자연,수월봉,20190730 ,5
자연,수월봉,20190731 ,4
자연,수월봉,20190801 ,5
자연,수월봉,20190802 ,4
자연,수월봉,20190803 ,3
자연,수월봉,20190804 ,1
자연,수월봉,20190805 ,3
자연,수월봉,20190806 ,2
자연,수월봉,20190807 ,1
자연,수월봉,20190808 ,5
자연,수월봉,20190809 ,2
자연,수월봉,20190810 ,3
자연,수월봉,20190811 ,2
자연,수월봉,20190812 ,5
자연,수월봉,20190813 ,4
자연,수월봉,20190814 ,2
자연,수월봉,20190815 ,1
자연,수월봉,20190816 ,1
자연,수월봉,20190818 ,2
자연,수월봉,20190820 ,4
자연,수월봉,20190821 ,1
자연,수월봉,20190822 ,2
자연,수월봉,20190823 ,2
자연,수월봉,20190824 ,2
자연,수월봉,20190825 ,1
자연,수월봉,20190826 ,4
자연,수월봉,20190827 ,5
자연,수월봉,20190829 ,5
자연,수월봉,20190830 ,2
자연,수월봉,20190831 ,3
자연,수월봉,20190901 ,3
자연,수월봉,20190902 ,3
자연,수월봉,20190903 ,4
자연,수월봉,20190904 ,7
자연,수월봉,20190905 ,1
자연,수월봉,20190906 ,4
자연,수월봉,20190907 ,2
자연,수월봉,20190908 ,5
자연,수월봉,20190909 ,5
자연,수월봉,20190913 ,1
자연,수월봉,20190914 ,1
자연,수월봉,20190915 ,4
자연,수월봉,20190916 ,4
자연,수월봉,20190917 ,4
자연,수월봉,20190918 ,3
자연,수월봉,20190919 ,1
자연,수월봉,20190920 ,3
자연,수월봉,20190921 ,2
자연,수월봉,20190923 ,4
자연,수월봉,20190924 ,1
자연,수월봉,20190925 ,6
자연,수월봉,20190926 ,2
자연,수월봉,20190927 ,4
자연,수월봉,20190928 ,2
자연,수월봉,20190929 ,3
자연,수월봉,20190930 ,5
자연,수월봉,20191002 ,1
자연,수월봉,20191003 ,5
자연,수월봉,20191004 ,2
자연,수월봉,20191005 ,3
자연,수월봉,20191006 ,4
자연,수월봉,20191007 ,3
자연,수월봉,20191008 ,1
자연,수월봉,20191009 ,1
자연,수월봉,20191010 ,2
자연,수월봉,20191011 ,4
자연,수월봉,20191012 ,1
자연,수월봉,20191013 ,1
자연,수월봉,20191014 ,3
자연,수월봉,20191015 ,7
자연,수월봉,20191016 ,4
자연,수월봉,20191017 ,3
자연,수월봉,20191018 ,3
자연,수월봉,20191019 ,3
자연,수월봉,20191020 ,1
자연,수월봉,20191021 ,3
자연,수월봉,20191022 ,6
자연,수월봉,20191023 ,3
자연,수월봉,20191024 ,5
자연,수월봉,20191025 ,4
자연,수월봉,20191026 ,4
자연,수월봉,20191027 ,1
자연,수월봉,20191028 ,6
자연,수월봉,20191029 ,4
자연,수월봉,20191030 ,3
자연,수월봉,20191031 ,5
자연,수월봉,20191101 ,3
자연,수월봉,20191102 ,2
자연,수월봉,20191103 ,3
자연,수월봉,20191104 ,7
자연,수월봉,20191105 ,1
자연,수월봉,20191106 ,3
자연,수월봉,20191107 ,2
자연,수월봉,20191108 ,2
자연,수월봉,20191109 ,1
자연,수월봉,20191111 ,1
자연,수월봉,20191112 ,3
자연,수월봉,20191113 ,7
자연,수월봉,20191114 ,8
자연,수월봉,20191115 ,3
자연,수월봉,20191116 ,7
자연,수월봉,20191117 ,1
자연,수월봉,20191118 ,4
자연,수월봉,20191119 ,2
자연,수월봉,20191120 ,3
자연,수월봉,20191121 ,1
자연,수월봉,20191122 ,2
자연,수월봉,20191123 ,1
자연,수월봉,20191124 ,3
자연,수월봉,20191125 ,2
자연,수월봉,20191126 ,2
자연,수월봉,20191127 ,1
자연,수월봉,20191128 ,1
자연,수월봉,20191129 ,4
자연,수월봉,20191130 ,1
자연,수월봉,20191201 ,2
자연,수월봉,20191202 ,2
자연,수월봉,20191203 ,6
자연,수월봉,20191204 ,3
자연,수월봉,20191205 ,4
자연,수월봉,20191206 ,2
자연,수월봉,20191207 ,1
자연,수월봉,20191208 ,4
자연,수월봉,20191209 ,1
자연,수월봉,20191210 ,4
자연,수월봉,20191212 ,3
자연,수월봉,20191213 ,1
자연,수월봉,20191214 ,2
자연,수월봉,20191215 ,1
자연,수월봉,20191216 ,3
자연,수월봉,20191217 ,4
자연,수월봉,20191218 ,1
자연,수월봉,20191219 ,3
자연,수월봉,20191220 ,1
자연,수월봉,20191221 ,1
자연,수월봉,20191222 ,2
자연,수월봉,20191223 ,3
자연,수월봉,20191224 ,1
자연,수월봉,20191225 ,2
자연,수월봉,20191226 ,2
자연,수월봉,20191228 ,3
자연,수월봉,20191229 ,3
자연,수월봉,20191230 ,2
자연,수월봉,20191231 ,5
자연,용눈이오름,20190601 ,5
자연,용눈이오름,20190602 ,3
자연,용눈이오름,20190603 ,3
자연,용눈이오름,20190604 ,1
자연,용눈이오름,20190605 ,2
자연,용눈이오름,20190606 ,3
자연,용눈이오름,20190607 ,5
자연,용눈이오름,20190608 ,2
자연,용눈이오름,20190609 ,2
자연,용눈이오름,20190610 ,3
자연,용눈이오름,20190612 ,4
자연,용눈이오름,20190613 ,2
자연,용눈이오름,20190614 ,4
자연,용눈이오름,20190615 ,4
자연,용눈이오름,20190616 ,3
자연,용눈이오름,20190617 ,7
자연,용눈이오름,20190618 ,2
자연,용눈이오름,20190619 ,1
자연,용눈이오름,20190621 ,3
자연,용눈이오름,20190622 ,4
자연,용눈이오름,20190623 ,3
자연,용눈이오름,20190624 ,1
자연,용눈이오름,20190625 ,2
자연,용눈이오름,20190626 ,2
자연,용눈이오름,20190627 ,3
자연,용눈이오름,20190628 ,2
자연,용눈이오름,20190629 ,2
자연,용눈이오름,20190630 ,2
자연,용눈이오름,20190701 ,1
자연,용눈이오름,20190702 ,2
자연,용눈이오름,20190703 ,2
자연,용눈이오름,20190704 ,2
자연,용눈이오름,20190705 ,2
자연,용눈이오름,20190706 ,2
자연,용눈이오름,20190707 ,5
자연,용눈이오름,20190708 ,3
자연,용눈이오름,20190709 ,2
자연,용눈이오름,20190710 ,4
자연,용눈이오름,20190711 ,8
자연,용눈이오름,20190712 ,3
자연,용눈이오름,20190713 ,1
자연,용눈이오름,20190714 ,3
자연,용눈이오름,20190715 ,4
자연,용눈이오름,20190716 ,3
자연,용눈이오름,20190717 ,2
자연,용눈이오름,20190718 ,4
자연,용눈이오름,20190719 ,2
자연,용눈이오름,20190720 ,2
자연,용눈이오름,20190721 ,1
자연,용눈이오름,20190722 ,1
자연,용눈이오름,20190723 ,2
자연,용눈이오름,20190724 ,6
자연,용눈이오름,20190725 ,5
자연,용눈이오름,20190726 ,2
자연,용눈이오름,20190727 ,3
자연,용눈이오름,20190728 ,3
자연,용눈이오름,20190729 ,5
자연,용눈이오름,20190730 ,2
자연,용눈이오름,20190731 ,2
자연,용눈이오름,20190801 ,3
자연,용눈이오름,20190802 ,4
자연,용눈이오름,20190803 ,3
자연,용눈이오름,20190804 ,3
자연,용눈이오름,20190805 ,3
자연,용눈이오름,20190806 ,5
자연,용눈이오름,20190807 ,3
자연,용눈이오름,20190808 ,4
자연,용눈이오름,20190809 ,4
자연,용눈이오름,20190810 ,2
자연,용눈이오름,20190811 ,2
자연,용눈이오름,20190812 ,3
자연,용눈이오름,20190813 ,5
자연,용눈이오름,20190814 ,4
자연,용눈이오름,20190815 ,3
자연,용눈이오름,20190816 ,2
자연,용눈이오름,20190817 ,2
자연,용눈이오름,20190818 ,3
자연,용눈이오름,20190819 ,3
자연,용눈이오름,20190821 ,4
자연,용눈이오름,20190822 ,4
자연,용눈이오름,20190823 ,4
자연,용눈이오름,20190824 ,3
자연,용눈이오름,20190825 ,2
자연,용눈이오름,20190826 ,4
자연,용눈이오름,20190827 ,2
자연,용눈이오름,20190828 ,3
자연,용눈이오름,20190829 ,2
자연,용눈이오름,20190830 ,2
자연,용눈이오름,20190831 ,3
자연,용눈이오름,20190902 ,4
자연,용눈이오름,20190903 ,2
자연,용눈이오름,20190904 ,7
자연,용눈이오름,20190905 ,4
자연,용눈이오름,20190906 ,2
자연,용눈이오름,20190907 ,1
자연,용눈이오름,20190908 ,4
자연,용눈이오름,20190909 ,2
자연,용눈이오름,20190910 ,3
자연,용눈이오름,20190911 ,6
자연,용눈이오름,20190912 ,5
자연,용눈이오름,20190913 ,3
자연,용눈이오름,20190914 ,3
자연,용눈이오름,20190915 ,2
자연,용눈이오름,20190916 ,3
자연,용눈이오름,20190917 ,5
자연,용눈이오름,20190918 ,4
자연,용눈이오름,20190919 ,4
자연,용눈이오름,20190920 ,5
자연,용눈이오름,20190922 ,3
자연,용눈이오름,20190923 ,3
자연,용눈이오름,20190924 ,8
자연,용눈이오름,20190925 ,5
자연,용눈이오름,20190926 ,2
자연,용눈이오름,20190927 ,3
자연,용눈이오름,20190928 ,4
자연,용눈이오름,20190929 ,6
자연,용눈이오름,20190930 ,4
자연,용눈이오름,20191001 ,1
자연,용눈이오름,20191002 ,3
자연,용눈이오름,20191003 ,6
자연,용눈이오름,20191004 ,4
자연,용눈이오름,20191005 ,2
자연,용눈이오름,20191006 ,4
자연,용눈이오름,20191007 ,7
자연,용눈이오름,20191008 ,5
자연,용눈이오름,20191009 ,4
자연,용눈이오름,20191010 ,6
자연,용눈이오름,20191011 ,5
자연,용눈이오름,20191012 ,5
자연,용눈이오름,20191013 ,9
자연,용눈이오름,20191014 ,8
자연,용눈이오름,20191015 ,5
자연,용눈이오름,20191016 ,4
자연,용눈이오름,20191017 ,6
자연,용눈이오름,20191018 ,2
자연,용눈이오름,20191019 ,4
자연,용눈이오름,20191021 ,10
자연,용눈이오름,20191022 ,7
자연,용눈이오름,20191023 ,7
자연,용눈이오름,20191024 ,6
자연,용눈이오름,20191025 ,4
자연,용눈이오름,20191026 ,6
자연,용눈이오름,20191027 ,3
자연,용눈이오름,20191028 ,1
자연,용눈이오름,20191029 ,4
자연,용눈이오름,20191030 ,7
자연,용눈이오름,20191031 ,8
자연,용눈이오름,20191101 ,4
자연,용눈이오름,20191102 ,2
자연,용눈이오름,20191103 ,6
자연,용눈이오름,20191104 ,5
자연,용눈이오름,20191105 ,4
자연,용눈이오름,20191106 ,3
자연,용눈이오름,20191107 ,9
자연,용눈이오름,20191108 ,5
자연,용눈이오름,20191109 ,4
자연,용눈이오름,20191110 ,4
자연,용눈이오름,20191111 ,7
자연,용눈이오름,20191112 ,4
자연,용눈이오름,20191113 ,2
자연,용눈이오름,20191114 ,4
자연,용눈이오름,20191115 ,4
자연,용눈이오름,20191116 ,9
자연,용눈이오름,20191117 ,7
자연,용눈이오름,20191118 ,3
자연,용눈이오름,20191119 ,5
자연,용눈이오름,20191120 ,5
자연,용눈이오름,20191121 ,3
자연,용눈이오름,20191122 ,3
자연,용눈이오름,20191123 ,6
자연,용눈이오름,20191124 ,4
자연,용눈이오름,20191125 ,5
자연,용눈이오름,20191126 ,3
자연,용눈이오름,20191127 ,3
자연,용눈이오름,20191128 ,6
자연,용눈이오름,20191129 ,5
자연,용눈이오름,20191130 ,9
자연,용눈이오름,20191201 ,3
자연,용눈이오름,20191202 ,7
자연,용눈이오름,20191203 ,6
자연,용눈이오름,20191204 ,4
자연,용눈이오름,20191205 ,5
자연,용눈이오름,20191206 ,6
자연,용눈이오름,20191207 ,2
자연,용눈이오름,20191208 ,5
자연,용눈이오름,20191209 ,3
자연,용눈이오름,20191210 ,5
자연,용눈이오름,20191211 ,3
자연,용눈이오름,20191212 ,2
자연,용눈이오름,20191213 ,7
자연,용눈이오름,20191214 ,1
자연,용눈이오름,20191215 ,3
자연,용눈이오름,20191216 ,4
자연,용눈이오름,20191217 ,6
자연,용눈이오름,20191218 ,3
자연,용눈이오름,20191219 ,4
자연,용눈이오름,20191220 ,3
자연,용눈이오름,20191222 ,5
자연,용눈이오름,20191223 ,4
자연,용눈이오름,20191224 ,2
자연,용눈이오름,20191225 ,1
자연,용눈이오름,20191226 ,5
자연,용눈이오름,20191227 ,4
자연,용눈이오름,20191228 ,2
자연,용눈이오름,20191229 ,2
자연,용눈이오름,20191230 ,6
자연,용눈이오름,20191231 ,5
자연,용머리해안,20190601 ,3
자연,용머리해안,20190602 ,4
자연,용머리해안,20190603 ,5
자연,용머리해안,20190604 ,3
자연,용머리해안,20190605 ,3
자연,용머리해안,20190606 ,2
자연,용머리해안,20190607 ,2
자연,용머리해안,20190608 ,5
자연,용머리해안,20190609 ,1
자연,용머리해안,20190610 ,5
자연,용머리해안,20190611 ,3
자연,용머리해안,20190612 ,1
자연,용머리해안,20190614 ,5
자연,용머리해안,20190615 ,2
자연,용머리해안,20190617 ,4
자연,용머리해안,20190618 ,2
자연,용머리해안,20190619 ,3
자연,용머리해안,20190620 ,3
자연,용머리해안,20190621 ,5
자연,용머리해안,20190622 ,4
자연,용머리해안,20190624 ,3
자연,용머리해안,20190625 ,3
자연,용머리해안,20190626 ,5
자연,용머리해안,20190627 ,5
자연,용머리해안,20190628 ,2
자연,용머리해안,20190630 ,3
자연,용머리해안,20190701 ,5
자연,용머리해안,20190702 ,1
자연,용머리해안,20190703 ,6
자연,용머리해안,20190704 ,3
자연,용머리해안,20190705 ,2
자연,용머리해안,20190706 ,5
자연,용머리해안,20190708 ,3
자연,용머리해안,20190709 ,1
자연,용머리해안,20190710 ,1
자연,용머리해안,20190711 ,2
자연,용머리해안,20190712 ,3
자연,용머리해안,20190713 ,5
자연,용머리해안,20190714 ,2
자연,용머리해안,20190715 ,6
자연,용머리해안,20190716 ,2
자연,용머리해안,20190717 ,4
자연,용머리해안,20190718 ,5
자연,용머리해안,20190719 ,3
자연,용머리해안,20190720 ,3
자연,용머리해안,20190721 ,1
자연,용머리해안,20190722 ,1
자연,용머리해안,20190723 ,2
자연,용머리해안,20190724 ,3
자연,용머리해안,20190725 ,5
자연,용머리해안,20190726 ,1
자연,용머리해안,20190727 ,8
자연,용머리해안,20190728 ,2
자연,용머리해안,20190729 ,3
자연,용머리해안,20190730 ,2
자연,용머리해안,20190731 ,1
자연,용머리해안,20190801 ,6
자연,용머리해안,20190802 ,1
자연,용머리해안,20190803 ,2
자연,용머리해안,20190805 ,5
자연,용머리해안,20190806 ,1
자연,용머리해안,20190807 ,3
자연,용머리해안,20190808 ,1
자연,용머리해안,20190809 ,2
자연,용머리해안,20190810 ,3
자연,용머리해안,20190811 ,1
자연,용머리해안,20190812 ,1
자연,용머리해안,20190813 ,5
자연,용머리해안,20190814 ,3
자연,용머리해안,20190815 ,1
자연,용머리해안,20190816 ,1
자연,용머리해안,20190818 ,3
자연,용머리해안,20190819 ,2
자연,용머리해안,20190820 ,1
자연,용머리해안,20190821 ,2
자연,용머리해안,20190822 ,3
자연,용머리해안,20190823 ,3
자연,용머리해안,20190825 ,1
자연,용머리해안,20190826 ,3
자연,용머리해안,20190827 ,4
자연,용머리해안,20190828 ,4
자연,용머리해안,20190829 ,3
자연,용머리해안,20190830 ,5
자연,용머리해안,20190831 ,5
자연,용머리해안,20190901 ,4
자연,용머리해안,20190902 ,1
자연,용머리해안,20190903 ,4
자연,용머리해안,20190904 ,3
자연,용머리해안,20190905 ,5
자연,용머리해안,20190906 ,4
자연,용머리해안,20190907 ,1
자연,용머리해안,20190908 ,1
자연,용머리해안,20190909 ,1
자연,용머리해안,20190910 ,1
자연,용머리해안,20190911 ,1
자연,용머리해안,20190912 ,5
자연,용머리해안,20190913 ,4
자연,용머리해안,20190914 ,3
자연,용머리해안,20190915 ,3
자연,용머리해안,20190916 ,1
자연,용머리해안,20190917 ,2
자연,용머리해안,20190918 ,2
자연,용머리해안,20190919 ,7
자연,용머리해안,20190920 ,4
자연,용머리해안,20190921 ,3
자연,용머리해안,20190922 ,3
자연,용머리해안,20190923 ,4
자연,용머리해안,20190924 ,4
자연,용머리해안,20190925 ,6
자연,용머리해안,20190926 ,4
자연,용머리해안,20190927 ,4
자연,용머리해안,20190928 ,3
자연,용머리해안,20190929 ,5
자연,용머리해안,20190930 ,2
자연,용머리해안,20191001 ,4
자연,용머리해안,20191002 ,3
자연,용머리해안,20191003 ,3
자연,용머리해안,20191004 ,4
자연,용머리해안,20191005 ,1
자연,용머리해안,20191006 ,1
자연,용머리해안,20191007 ,4
자연,용머리해안,20191008 ,3
자연,용머리해안,20191009 ,4
자연,용머리해안,20191010 ,2
자연,용머리해안,20191011 ,2
자연,용머리해안,20191012 ,2
자연,용머리해안,20191013 ,1
자연,용머리해안,20191014 ,1
자연,용머리해안,20191015 ,2
자연,용머리해안,20191016 ,4
자연,용머리해안,20191017 ,2
자연,용머리해안,20191018 ,6
자연,용머리해안,20191019 ,1
자연,용머리해안,20191020 ,2
자연,용머리해안,20191021 ,1
자연,용머리해안,20191022 ,6
자연,용머리해안,20191023 ,3
자연,용머리해안,20191024 ,3
자연,용머리해안,20191026 ,3
자연,용머리해안,20191027 ,2
자연,용머리해안,20191028 ,2
자연,용머리해안,20191029 ,3
자연,용머리해안,20191030 ,3
자연,용머리해안,20191031 ,1
자연,용머리해안,20191101 ,2
자연,용머리해안,20191102 ,3
자연,용머리해안,20191103 ,1
자연,용머리해안,20191104 ,6
자연,용머리해안,20191105 ,1
자연,용머리해안,20191106 ,3
자연,용머리해안,20191107 ,4
자연,용머리해안,20191108 ,4
자연,용머리해안,20191109 ,2
자연,용머리해안,20191110 ,1
자연,용머리해안,20191111 ,2
자연,용머리해안,20191112 ,3
자연,용머리해안,20191113 ,2
자연,용머리해안,20191114 ,5
자연,용머리해안,20191115 ,7
자연,용머리해안,20191116 ,3
자연,용머리해안,20191117 ,4
자연,용머리해안,20191118 ,7
자연,용머리해안,20191119 ,4
자연,용머리해안,20191120 ,4
자연,용머리해안,20191121 ,4
자연,용머리해안,20191122 ,9
자연,용머리해안,20191123 ,1
자연,용머리해안,20191124 ,5
자연,용머리해안,20191125 ,3
자연,용머리해안,20191126 ,3
자연,용머리해안,20191127 ,3
자연,용머리해안,20191128 ,5
자연,용머리해안,20191129 ,1
자연,용머리해안,20191130 ,3
자연,용머리해안,20191201 ,4
자연,용머리해안,20191202 ,1
자연,용머리해안,20191203 ,2
자연,용머리해안,20191204 ,4
자연,용머리해안,20191205 ,2
자연,용머리해안,20191206 ,4
자연,용머리해안,20191207 ,1
자연,용머리해안,20191208 ,3
자연,용머리해안,20191209 ,1
자연,용머리해안,20191210 ,17
자연,용머리해안,20191211 ,2
자연,용머리해안,20191212 ,7
자연,용머리해안,20191213 ,2
자연,용머리해안,20191214 ,3
자연,용머리해안,20191215 ,2
자연,용머리해안,20191216 ,2
자연,용머리해안,20191217 ,1
자연,용머리해안,20191219 ,2
자연,용머리해안,20191220 ,2
자연,용머리해안,20191221 ,2
자연,용머리해안,20191222 ,1
자연,용머리해안,20191223 ,1
자연,용머리해안,20191224 ,1
자연,용머리해안,20191225 ,2
자연,용머리해안,20191226 ,3
자연,용머리해안,20191227 ,3
자연,용머리해안,20191228 ,6
자연,용머리해안,20191229 ,1
자연,용머리해안,20191230 ,2
자연,용머리해안,20191231 ,6
자연,윗세오름,20190601 ,5
자연,윗세오름,20190602 ,2
자연,윗세오름,20190603 ,9
자연,윗세오름,20190604 ,6
자연,윗세오름,20190605 ,3
자연,윗세오름,20190606 ,2
자연,윗세오름,20190607 ,12
자연,윗세오름,20190608 ,4
자연,윗세오름,20190609 ,5
자연,윗세오름,20190610 ,8
자연,윗세오름,20190611 ,9
자연,윗세오름,20190612 ,6
자연,윗세오름,20190613 ,7
자연,윗세오름,20190614 ,8
자연,윗세오름,20190615 ,4
자연,윗세오름,20190616 ,7
자연,윗세오름,20190617 ,4
자연,윗세오름,20190618 ,6
자연,윗세오름,20190619 ,2
자연,윗세오름,20190620 ,5
자연,윗세오름,20190621 ,5
자연,윗세오름,20190622 ,5
자연,윗세오름,20190623 ,2
자연,윗세오름,20190624 ,5
자연,윗세오름,20190625 ,3
자연,윗세오름,20190626 ,9
자연,윗세오름,20190627 ,2
자연,윗세오름,20190628 ,2
자연,윗세오름,20190629 ,1
자연,윗세오름,20190630 ,1
자연,윗세오름,20190701 ,3
자연,윗세오름,20190702 ,2
자연,윗세오름,20190703 ,3
자연,윗세오름,20190704 ,1
자연,윗세오름,20190706 ,2
자연,윗세오름,20190707 ,3
자연,윗세오름,20190708 ,1
자연,윗세오름,20190709 ,1
자연,윗세오름,20190710 ,3
자연,윗세오름,20190711 ,1
자연,윗세오름,20190712 ,1
자연,윗세오름,20190714 ,1
자연,윗세오름,20190715 ,3
자연,윗세오름,20190716 ,2
자연,윗세오름,20190718 ,3
자연,윗세오름,20190719 ,10
자연,윗세오름,20190720 ,6
자연,윗세오름,20190722 ,5
자연,윗세오름,20190723 ,2
자연,윗세오름,20190724 ,1
자연,윗세오름,20190726 ,4
자연,윗세오름,20190727 ,1
자연,윗세오름,20190728 ,3
자연,윗세오름,20190730 ,3
자연,윗세오름,20190731 ,1
자연,윗세오름,20190801 ,1
자연,윗세오름,20190802 ,3
자연,윗세오름,20190803 ,1
자연,윗세오름,20190804 ,3
자연,윗세오름,20190805 ,1
자연,윗세오름,20190806 ,2
자연,윗세오름,20190807 ,1
자연,윗세오름,20190808 ,1
자연,윗세오름,20190809 ,4
자연,윗세오름,20190810 ,4
자연,윗세오름,20190811 ,2
자연,윗세오름,20190812 ,1
자연,윗세오름,20190813 ,3
자연,윗세오름,20190814 ,3
자연,윗세오름,20190815 ,1
자연,윗세오름,20190816 ,1
자연,윗세오름,20190817 ,5
자연,윗세오름,20190818 ,1
자연,윗세오름,20190819 ,1
자연,윗세오름,20190820 ,2
자연,윗세오름,20190821 ,2
자연,윗세오름,20190822 ,1
자연,윗세오름,20190823 ,3
자연,윗세오름,20190824 ,2
자연,윗세오름,20190825 ,3
자연,윗세오름,20190826 ,2
자연,윗세오름,20190827 ,6
자연,윗세오름,20190828 ,3
자연,윗세오름,20190829 ,3
자연,윗세오름,20190830 ,1
자연,윗세오름,20190831 ,7
자연,윗세오름,20190901 ,3
자연,윗세오름,20190902 ,7
자연,윗세오름,20190903 ,1
자연,윗세오름,20190904 ,4
자연,윗세오름,20190905 ,3
자연,윗세오름,20190906 ,7
자연,윗세오름,20190907 ,18
자연,윗세오름,20190909 ,4
자연,윗세오름,20190913 ,2
자연,윗세오름,20190914 ,4
자연,윗세오름,20190915 ,3
자연,윗세오름,20190918 ,3
자연,윗세오름,20190919 ,2
자연,윗세오름,20190920 ,1
자연,윗세오름,20190922 ,5
자연,윗세오름,20190923 ,1
자연,윗세오름,20190925 ,2
자연,윗세오름,20190926 ,2
자연,윗세오름,20190927 ,2
자연,윗세오름,20190928 ,2
자연,윗세오름,20190929 ,1
자연,윗세오름,20190930 ,2
자연,윗세오름,20191001 ,1
자연,윗세오름,20191002 ,11
자연,윗세오름,20191003 ,6
자연,윗세오름,20191004 ,1
자연,윗세오름,20191005 ,2
자연,윗세오름,20191006 ,1
자연,윗세오름,20191007 ,4
자연,윗세오름,20191008 ,2
자연,윗세오름,20191009 ,1
자연,윗세오름,20191010 ,3
자연,윗세오름,20191011 ,4
자연,윗세오름,20191013 ,3
자연,윗세오름,20191014 ,1
자연,윗세오름,20191015 ,1
자연,윗세오름,20191016 ,1
자연,윗세오름,20191017 ,2
자연,윗세오름,20191018 ,1
자연,윗세오름,20191019 ,2
자연,윗세오름,20191020 ,4
자연,윗세오름,20191021 ,4
자연,윗세오름,20191022 ,4
자연,윗세오름,20191023 ,4
자연,윗세오름,20191024 ,2
자연,윗세오름,20191025 ,6
자연,윗세오름,20191026 ,4
자연,윗세오름,20191027 ,4
자연,윗세오름,20191028 ,5
자연,윗세오름,20191029 ,6
자연,윗세오름,20191030 ,4
자연,윗세오름,20191031 ,2
자연,윗세오름,20191101 ,2
자연,윗세오름,20191102 ,2
자연,윗세오름,20191103 ,5
자연,윗세오름,20191104 ,5
자연,윗세오름,20191105 ,2
자연,윗세오름,20191106 ,4
자연,윗세오름,20191107 ,5
자연,윗세오름,20191108 ,5
자연,윗세오름,20191109 ,1
자연,윗세오름,20191110 ,6
자연,윗세오름,20191111 ,3
자연,윗세오름,20191112 ,2
자연,윗세오름,20191113 ,1
자연,윗세오름,20191114 ,3
자연,윗세오름,20191115 ,1
자연,윗세오름,20191117 ,1
자연,윗세오름,20191118 ,3
자연,윗세오름,20191119 ,7
자연,윗세오름,20191120 ,7
자연,윗세오름,20191121 ,5
자연,윗세오름,20191122 ,3
자연,윗세오름,20191123 ,5
자연,윗세오름,20191124 ,2
자연,윗세오름,20191125 ,4
자연,윗세오름,20191126 ,3
자연,윗세오름,20191127 ,1
자연,윗세오름,20191128 ,1
자연,윗세오름,20191129 ,2
자연,윗세오름,20191130 ,3
자연,윗세오름,20191201 ,2
자연,윗세오름,20191202 ,4
자연,윗세오름,20191203 ,1
자연,윗세오름,20191204 ,2
자연,윗세오름,20191205 ,6
자연,윗세오름,20191206 ,3
자연,윗세오름,20191207 ,1
자연,윗세오름,20191208 ,4
자연,윗세오름,20191209 ,3
자연,윗세오름,20191211 ,2
자연,윗세오름,20191212 ,2
자연,윗세오름,20191213 ,2
자연,윗세오름,20191214 ,1
자연,윗세오름,20191215 ,2
자연,윗세오름,20191216 ,5
자연,윗세오름,20191217 ,1
자연,윗세오름,20191218 ,2
자연,윗세오름,20191219 ,6
자연,윗세오름,20191220 ,3
자연,윗세오름,20191221 ,2
자연,윗세오름,20191222 ,4
자연,윗세오름,20191223 ,2
자연,윗세오름,20191224 ,3
자연,윗세오름,20191225 ,2
자연,윗세오름,20191227 ,3
자연,윗세오름,20191228 ,2
자연,윗세오름,20191229 ,2
자연,윗세오름,20191230 ,9
자연,윗세오름,20191231 ,1
자연,정방폭포,20190601 ,4
자연,정방폭포,20190602 ,3
자연,정방폭포,20190603 ,3
자연,정방폭포,20190604 ,4
자연,정방폭포,20190605 ,5
자연,정방폭포,20190606 ,3
자연,정방폭포,20190607 ,2
자연,정방폭포,20190608 ,5
자연,정방폭포,20190609 ,1
자연,정방폭포,20190610 ,4
자연,정방폭포,20190611 ,6
자연,정방폭포,20190612 ,3
자연,정방폭포,20190613 ,6
자연,정방폭포,20190614 ,3
자연,정방폭포,20190615 ,6
자연,정방폭포,20190616 ,7
자연,정방폭포,20190617 ,5
자연,정방폭포,20190618 ,5
자연,정방폭포,20190619 ,3
자연,정방폭포,20190620 ,7
자연,정방폭포,20190621 ,2
자연,정방폭포,20190622 ,7
자연,정방폭포,20190623 ,2
자연,정방폭포,20190624 ,4
자연,정방폭포,20190625 ,3
자연,정방폭포,20190626 ,3
자연,정방폭포,20190627 ,4
자연,정방폭포,20190628 ,2
자연,정방폭포,20190629 ,2
자연,정방폭포,20190630 ,4
자연,정방폭포,20190701 ,3
자연,정방폭포,20190702 ,6
자연,정방폭포,20190703 ,7
자연,정방폭포,20190704 ,3
자연,정방폭포,20190705 ,7
자연,정방폭포,20190706 ,3
자연,정방폭포,20190707 ,3
자연,정방폭포,20190708 ,6
자연,정방폭포,20190709 ,4
자연,정방폭포,20190710 ,5
자연,정방폭포,20190711 ,6
자연,정방폭포,20190712 ,8
자연,정방폭포,20190713 ,3
자연,정방폭포,20190714 ,8
자연,정방폭포,20190715 ,5
자연,정방폭포,20190716 ,3
자연,정방폭포,20190717 ,2
자연,정방폭포,20190718 ,2
자연,정방폭포,20190719 ,6
자연,정방폭포,20190720 ,3
자연,정방폭포,20190721 ,5
자연,정방폭포,20190722 ,4
자연,정방폭포,20190723 ,2
자연,정방폭포,20190724 ,4
자연,정방폭포,20190725 ,4
자연,정방폭포,20190726 ,2
자연,정방폭포,20190727 ,3
자연,정방폭포,20190728 ,3
자연,정방폭포,20190729 ,6
자연,정방폭포,20190730 ,7
자연,정방폭포,20190731 ,4
자연,정방폭포,20190801 ,5
자연,정방폭포,20190802 ,6
자연,정방폭포,20190803 ,6
자연,정방폭포,20190804 ,2
자연,정방폭포,20190805 ,8
자연,정방폭포,20190806 ,4
자연,정방폭포,20190807 ,2
자연,정방폭포,20190808 ,6
자연,정방폭포,20190809 ,6
자연,정방폭포,20190810 ,4
자연,정방폭포,20190811 ,6
자연,정방폭포,20190812 ,4
자연,정방폭포,20190813 ,6
자연,정방폭포,20190814 ,7
자연,정방폭포,20190815 ,4
자연,정방폭포,20190816 ,9
자연,정방폭포,20190817 ,4
자연,정방폭포,20190818 ,1
자연,정방폭포,20190819 ,1
자연,정방폭포,20190820 ,4
자연,정방폭포,20190821 ,12
자연,정방폭포,20190822 ,4
자연,정방폭포,20190823 ,10
자연,정방폭포,20190824 ,3
자연,정방폭포,20190825 ,6
자연,정방폭포,20190826 ,10
자연,정방폭포,20190827 ,5
자연,정방폭포,20190828 ,3
자연,정방폭포,20190829 ,7
자연,정방폭포,20190830 ,2
자연,정방폭포,20190831 ,3
자연,정방폭포,20190901 ,3
자연,정방폭포,20190902 ,5
자연,정방폭포,20190903 ,4
자연,정방폭포,20190904 ,6
자연,정방폭포,20190905 ,6
자연,정방폭포,20190906 ,4
자연,정방폭포,20190907 ,3
자연,정방폭포,20190908 ,3
자연,정방폭포,20190909 ,3
자연,정방폭포,20190910 ,4
자연,정방폭포,20190911 ,4
자연,정방폭포,20190912 ,2
자연,정방폭포,20190913 ,3
자연,정방폭포,20190914 ,3
자연,정방폭포,20190915 ,5
자연,정방폭포,20190916 ,3
자연,정방폭포,20190917 ,3
자연,정방폭포,20190918 ,5
자연,정방폭포,20190919 ,2
자연,정방폭포,20190920 ,5
자연,정방폭포,20190922 ,3
자연,정방폭포,20190923 ,3
자연,정방폭포,20190924 ,8
자연,정방폭포,20190925 ,3
자연,정방폭포,20190926 ,3
자연,정방폭포,20190927 ,10
자연,정방폭포,20190928 ,4
자연,정방폭포,20190929 ,2
자연,정방폭포,20190930 ,8
자연,정방폭포,20191001 ,2
자연,정방폭포,20191002 ,1
자연,정방폭포,20191003 ,5
자연,정방폭포,20191004 ,5
자연,정방폭포,20191005 ,5
자연,정방폭포,20191006 ,3
자연,정방폭포,20191007 ,1
자연,정방폭포,20191008 ,5
자연,정방폭포,20191010 ,4
자연,정방폭포,20191011 ,5
자연,정방폭포,20191012 ,1
자연,정방폭포,20191013 ,3
자연,정방폭포,20191014 ,1
자연,정방폭포,20191015 ,3
자연,정방폭포,20191016 ,1
자연,정방폭포,20191017 ,3
자연,정방폭포,20191018 ,10
자연,정방폭포,20191019 ,3
자연,정방폭포,20191020 ,6
자연,정방폭포,20191021 ,2
자연,정방폭포,20191022 ,1
자연,정방폭포,20191023 ,1
자연,정방폭포,20191024 ,8
자연,정방폭포,20191025 ,1
자연,정방폭포,20191026 ,3
자연,정방폭포,20191028 ,2
자연,정방폭포,20191029 ,3
자연,정방폭포,20191030 ,2
자연,정방폭포,20191101 ,2
자연,정방폭포,20191102 ,1
자연,정방폭포,20191103 ,3
자연,정방폭포,20191104 ,2
자연,정방폭포,20191105 ,3
자연,정방폭포,20191106 ,3
자연,정방폭포,20191107 ,1
자연,정방폭포,20191108 ,1
자연,정방폭포,20191109 ,5
자연,정방폭포,20191110 ,1
자연,정방폭포,20191111 ,5
자연,정방폭포,20191112 ,6
자연,정방폭포,20191113 ,1
자연,정방폭포,20191114 ,1
자연,정방폭포,20191115 ,4
자연,정방폭포,20191116 ,4
자연,정방폭포,20191117 ,4
자연,정방폭포,20191118 ,3
자연,정방폭포,20191119 ,2
자연,정방폭포,20191120 ,6
자연,정방폭포,20191121 ,1
자연,정방폭포,20191122 ,2
자연,정방폭포,20191123 ,3
자연,정방폭포,20191124 ,2
자연,정방폭포,20191125 ,5
자연,정방폭포,20191126 ,3
자연,정방폭포,20191127 ,2
자연,정방폭포,20191128 ,6
자연,정방폭포,20191129 ,2
자연,정방폭포,20191130 ,1
자연,정방폭포,20191201 ,1
자연,정방폭포,20191202 ,2
자연,정방폭포,20191203 ,4
자연,정방폭포,20191204 ,1
자연,정방폭포,20191205 ,4
자연,정방폭포,20191206 ,3
자연,정방폭포,20191207 ,2
자연,정방폭포,20191208 ,1
자연,정방폭포,20191209 ,1
자연,정방폭포,20191210 ,3
자연,정방폭포,20191211 ,5
자연,정방폭포,20191212 ,6
자연,정방폭포,20191213 ,2
자연,정방폭포,20191214 ,2
자연,정방폭포,20191215 ,2
자연,정방폭포,20191216 ,8
자연,정방폭포,20191217 ,1
자연,정방폭포,20191218 ,2
자연,정방폭포,20191219 ,4
자연,정방폭포,20191220 ,2
자연,정방폭포,20191221 ,6
자연,정방폭포,20191222 ,2
자연,정방폭포,20191223 ,1
자연,정방폭포,20191224 ,3
자연,정방폭포,20191225 ,1
자연,정방폭포,20191226 ,5
자연,정방폭포,20191227 ,4
자연,정방폭포,20191228 ,2
자연,정방폭포,20191229 ,2
자연,정방폭포,20191230 ,1
자연,정방폭포,20191231 ,1
자연,천지연폭포,20190601 ,4
자연,천지연폭포,20190602 ,1
자연,천지연폭포,20190603 ,5
자연,천지연폭포,20190604 ,3
자연,천지연폭포,20190605 ,5
자연,천지연폭포,20190606 ,3
자연,천지연폭포,20190607 ,1
자연,천지연폭포,20190608 ,4
자연,천지연폭포,20190609 ,1
자연,천지연폭포,20190610 ,6
자연,천지연폭포,20190611 ,3
자연,천지연폭포,20190612 ,2
자연,천지연폭포,20190613 ,8
자연,천지연폭포,20190614 ,7
자연,천지연폭포,20190615 ,2
자연,천지연폭포,20190616 ,4
자연,천지연폭포,20190617 ,6
자연,천지연폭포,20190618 ,3
자연,천지연폭포,20190619 ,4
자연,천지연폭포,20190620 ,3
자연,천지연폭포,20190621 ,5
자연,천지연폭포,20190622 ,8
자연,천지연폭포,20190623 ,4
자연,천지연폭포,20190624 ,5
자연,천지연폭포,20190625 ,3
자연,천지연폭포,20190626 ,10
자연,천지연폭포,20190627 ,1
자연,천지연폭포,20190628 ,4
자연,천지연폭포,20190629 ,3
자연,천지연폭포,20190630 ,1
자연,천지연폭포,20190701 ,3
자연,천지연폭포,20190702 ,3
자연,천지연폭포,20190703 ,3
자연,천지연폭포,20190704 ,2
자연,천지연폭포,20190705 ,3
자연,천지연폭포,20190706 ,3
자연,천지연폭포,20190707 ,3
자연,천지연폭포,20190708 ,2
자연,천지연폭포,20190709 ,5
자연,천지연폭포,20190710 ,5
자연,천지연폭포,20190711 ,5
자연,천지연폭포,20190712 ,4
자연,천지연폭포,20190713 ,6
자연,천지연폭포,20190714 ,6
자연,천지연폭포,20190715 ,7
자연,천지연폭포,20190716 ,3
자연,천지연폭포,20190717 ,4
자연,천지연폭포,20190718 ,6
자연,천지연폭포,20190719 ,7
자연,천지연폭포,20190720 ,3
자연,천지연폭포,20190721 ,7
자연,천지연폭포,20190722 ,7
자연,천지연폭포,20190723 ,4
자연,천지연폭포,20190724 ,7
자연,천지연폭포,20190725 ,5
자연,천지연폭포,20190726 ,5
자연,천지연폭포,20190727 ,4
자연,천지연폭포,20190728 ,3
자연,천지연폭포,20190729 ,4
자연,천지연폭포,20190730 ,8
자연,천지연폭포,20190731 ,4
자연,천지연폭포,20190801 ,4
자연,천지연폭포,20190802 ,7
자연,천지연폭포,20190803 ,5
자연,천지연폭포,20190804 ,3
자연,천지연폭포,20190805 ,9
자연,천지연폭포,20190806 ,6
자연,천지연폭포,20190807 ,6
자연,천지연폭포,20190808 ,5
자연,천지연폭포,20190809 ,4
자연,천지연폭포,20190810 ,4
자연,천지연폭포,20190811 ,2
자연,천지연폭포,20190812 ,5
자연,천지연폭포,20190813 ,7
자연,천지연폭포,20190814 ,3
자연,천지연폭포,20190815 ,5
자연,천지연폭포,20190816 ,4
자연,천지연폭포,20190817 ,3
자연,천지연폭포,20190818 ,2
자연,천지연폭포,20190819 ,9
자연,천지연폭포,20190820 ,10
자연,천지연폭포,20190821 ,3
자연,천지연폭포,20190822 ,9
자연,천지연폭포,20190823 ,8
자연,천지연폭포,20190824 ,1
자연,천지연폭포,20190825 ,1
자연,천지연폭포,20190826 ,1
자연,천지연폭포,20190827 ,2
자연,천지연폭포,20190828 ,5
자연,천지연폭포,20190829 ,5
자연,천지연폭포,20190830 ,3
자연,천지연폭포,20190831 ,3
자연,천지연폭포,20190901 ,1
자연,천지연폭포,20190902 ,5
자연,천지연폭포,20190903 ,1
자연,천지연폭포,20190904 ,4
자연,천지연폭포,20190905 ,1
자연,천지연폭포,20190906 ,5
자연,천지연폭포,20190907 ,2
자연,천지연폭포,20190908 ,1
자연,천지연폭포,20190909 ,2
자연,천지연폭포,20190910 ,5
자연,천지연폭포,20190911 ,1
자연,천지연폭포,20190912 ,3
자연,천지연폭포,20190913 ,2
자연,천지연폭포,20190915 ,6
자연,천지연폭포,20190916 ,6
자연,천지연폭포,20190917 ,3
자연,천지연폭포,20190918 ,3
자연,천지연폭포,20190919 ,1
자연,천지연폭포,20190920 ,8
자연,천지연폭포,20190921 ,4
자연,천지연폭포,20190922 ,1
자연,천지연폭포,20190923 ,2
자연,천지연폭포,20190924 ,2
자연,천지연폭포,20190925 ,7
자연,천지연폭포,20190926 ,4
자연,천지연폭포,20190927 ,9
자연,천지연폭포,20190928 ,3
자연,천지연폭포,20190929 ,2
자연,천지연폭포,20190930 ,1
자연,천지연폭포,20191001 ,3
자연,천지연폭포,20191002 ,5
자연,천지연폭포,20191003 ,4
자연,천지연폭포,20191004 ,3
자연,천지연폭포,20191005 ,3
자연,천지연폭포,20191006 ,2
자연,천지연폭포,20191007 ,4
자연,천지연폭포,20191008 ,2
자연,천지연폭포,20191009 ,3
자연,천지연폭포,20191010 ,9
자연,천지연폭포,20191011 ,2
자연,천지연폭포,20191012 ,3
자연,천지연폭포,20191013 ,2
자연,천지연폭포,20191014 ,4
자연,천지연폭포,20191015 ,4
자연,천지연폭포,20191016 ,5
자연,천지연폭포,20191017 ,4
자연,천지연폭포,20191018 ,7
자연,천지연폭포,20191019 ,4
자연,천지연폭포,20191020 ,8
자연,천지연폭포,20191021 ,3
자연,천지연폭포,20191022 ,4
자연,천지연폭포,20191023 ,4
자연,천지연폭포,20191024 ,3
자연,천지연폭포,20191025 ,5
자연,천지연폭포,20191026 ,3
자연,천지연폭포,20191027 ,2
자연,천지연폭포,20191028 ,3
자연,천지연폭포,20191029 ,6
자연,천지연폭포,20191030 ,7
자연,천지연폭포,20191031 ,4
자연,천지연폭포,20191101 ,1
자연,천지연폭포,20191102 ,3
자연,천지연폭포,20191103 ,6
자연,천지연폭포,20191104 ,6
자연,천지연폭포,20191105 ,5
자연,천지연폭포,20191106 ,7
자연,천지연폭포,20191107 ,4
자연,천지연폭포,20191108 ,8
자연,천지연폭포,20191109 ,2
자연,천지연폭포,20191110 ,2
자연,천지연폭포,20191111 ,1
자연,천지연폭포,20191112 ,5
자연,천지연폭포,20191113 ,3
자연,천지연폭포,20191114 ,3
자연,천지연폭포,20191115 ,5
자연,천지연폭포,20191116 ,4
자연,천지연폭포,20191117 ,2
자연,천지연폭포,20191118 ,10
자연,천지연폭포,20191119 ,2
자연,천지연폭포,20191120 ,6
자연,천지연폭포,20191121 ,3
자연,천지연폭포,20191122 ,3
자연,천지연폭포,20191123 ,5
자연,천지연폭포,20191124 ,2
자연,천지연폭포,20191125 ,3
자연,천지연폭포,20191126 ,2
자연,천지연폭포,20191128 ,1
자연,천지연폭포,20191129 ,3
자연,천지연폭포,20191130 ,2
자연,천지연폭포,20191201 ,2
자연,천지연폭포,20191202 ,4
자연,천지연폭포,20191203 ,3
자연,천지연폭포,20191204 ,3
자연,천지연폭포,20191205 ,8
자연,천지연폭포,20191206 ,5
자연,천지연폭포,20191207 ,1
자연,천지연폭포,20191208 ,1
자연,천지연폭포,20191210 ,1
자연,천지연폭포,20191211 ,3
자연,천지연폭포,20191212 ,3
자연,천지연폭포,20191213 ,2
자연,천지연폭포,20191214 ,5
자연,천지연폭포,20191215 ,4
자연,천지연폭포,20191216 ,5
자연,천지연폭포,20191217 ,2
자연,천지연폭포,20191218 ,3
자연,천지연폭포,20191219 ,2
자연,천지연폭포,20191220 ,3
자연,천지연폭포,20191221 ,1
자연,천지연폭포,20191222 ,2
자연,천지연폭포,20191223 ,5
자연,천지연폭포,20191224 ,2
자연,천지연폭포,20191225 ,5
자연,천지연폭포,20191226 ,5
자연,천지연폭포,20191228 ,1
자연,천지연폭포,20191229 ,1
자연,천지연폭포,20191230 ,3
자연,천지연폭포,20191231 ,6
자연,새섬,20190601 ,5
자연,새섬,20190602 ,1
자연,새섬,20190603 ,1
자연,새섬,20190604 ,2
자연,새섬,20190605 ,1
자연,새섬,20190606 ,5
자연,새섬,20190607 ,5
자연,새섬,20190609 ,1
자연,새섬,20190610 ,2
자연,새섬,20190611 ,1
자연,새섬,20190612 ,2
자연,새섬,20190613 ,3
자연,새섬,20190614 ,3
자연,새섬,20190615 ,5
자연,새섬,20190617 ,3
자연,새섬,20190618 ,2
자연,새섬,20190619 ,3
자연,새섬,20190620 ,2
자연,새섬,20190621 ,4
자연,새섬,20190622 ,2
자연,새섬,20190623 ,2
자연,새섬,20190624 ,5
자연,새섬,20190625 ,4
자연,새섬,20190626 ,6
자연,새섬,20190627 ,2
자연,새섬,20190629 ,4
자연,새섬,20190630 ,6
자연,새섬,20190701 ,1
자연,새섬,20190702 ,1
자연,새섬,20190703 ,2
자연,새섬,20190704 ,3
자연,새섬,20190705 ,4
자연,새섬,20190706 ,4
자연,새섬,20190707 ,4
자연,새섬,20190708 ,5
자연,새섬,20190709 ,2
자연,새섬,20190710 ,4
자연,새섬,20190711 ,5
자연,새섬,20190712 ,2
자연,새섬,20190713 ,2
자연,새섬,20190714 ,4
자연,새섬,20190715 ,4
자연,새섬,20190716 ,1
자연,새섬,20190717 ,3
자연,새섬,20190718 ,2
자연,새섬,20190719 ,3
자연,새섬,20190720 ,2
자연,새섬,20190723 ,3
자연,새섬,20190724 ,2
자연,새섬,20190725 ,4
자연,새섬,20190726 ,5
자연,새섬,20190727 ,4
자연,새섬,20190728 ,5
자연,새섬,20190729 ,2
자연,새섬,20190730 ,2
자연,새섬,20190731 ,4
자연,새섬,20190801 ,3
자연,새섬,20190802 ,1
자연,새섬,20190803 ,3
자연,새섬,20190804 ,4
자연,새섬,20190805 ,2
자연,새섬,20190806 ,2
자연,새섬,20190807 ,3
자연,새섬,20190808 ,5
자연,새섬,20190809 ,5
자연,새섬,20190810 ,2
자연,새섬,20190811 ,1
자연,새섬,20190812 ,2
자연,새섬,20190813 ,2
자연,새섬,20190814 ,3
자연,새섬,20190816 ,3
자연,새섬,20190817 ,2
자연,새섬,20190819 ,3
자연,새섬,20190820 ,3
자연,새섬,20190821 ,2
자연,새섬,20190822 ,1
자연,새섬,20190823 ,1
자연,새섬,20190824 ,1
자연,새섬,20190825 ,1
자연,새섬,20190826 ,4
자연,새섬,20190827 ,1
자연,새섬,20190828 ,1
자연,새섬,20190829 ,2
자연,새섬,20190830 ,8
자연,새섬,20190831 ,3
자연,새섬,20190901 ,1
자연,새섬,20190902 ,5
자연,새섬,20190903 ,6
자연,새섬,20190904 ,1
자연,새섬,20190905 ,1
자연,새섬,20190906 ,2
자연,새섬,20190908 ,4
자연,새섬,20190909 ,6
자연,새섬,20190910 ,1
자연,새섬,20190911 ,3
자연,새섬,20190912 ,2
자연,새섬,20190913 ,2
자연,새섬,20190914 ,1
자연,새섬,20190915 ,2
자연,새섬,20190916 ,4
자연,새섬,20190917 ,4
자연,새섬,20190918 ,3
자연,새섬,20190919 ,5
자연,새섬,20190920 ,3
자연,새섬,20190921 ,2
자연,새섬,20190922 ,2
자연,새섬,20190923 ,2
자연,새섬,20190924 ,3
자연,새섬,20190925 ,2
자연,새섬,20190926 ,1
자연,새섬,20190927 ,2
자연,새섬,20190928 ,2
자연,새섬,20190929 ,1
자연,새섬,20190930 ,3
자연,새섬,20191001 ,3
자연,새섬,20191002 ,3
자연,새섬,20191003 ,2
자연,새섬,20191004 ,4
자연,새섬,20191005 ,1
자연,새섬,20191007 ,1
자연,새섬,20191008 ,3
자연,새섬,20191009 ,1
자연,새섬,20191010 ,5
자연,새섬,20191011 ,5
자연,새섬,20191012 ,3
자연,새섬,20191014 ,1
자연,새섬,20191016 ,1
자연,새섬,20191017 ,2
자연,새섬,20191018 ,2
자연,새섬,20191019 ,2
자연,새섬,20191020 ,2
자연,새섬,20191021 ,6
자연,새섬,20191022 ,5
자연,새섬,20191023 ,3
자연,새섬,20191024 ,2
자연,새섬,20191025 ,2
자연,새섬,20191026 ,4
자연,새섬,20191027 ,1
자연,새섬,20191028 ,5
자연,새섬,20191029 ,2
자연,새섬,20191030 ,2
자연,새섬,20191031 ,3
자연,새섬,20191101 ,2
자연,새섬,20191102 ,2
자연,새섬,20191103 ,4
자연,새섬,20191104 ,8
자연,새섬,20191105 ,3
자연,새섬,20191106 ,2
자연,새섬,20191107 ,2
자연,새섬,20191108 ,4
자연,새섬,20191109 ,5
자연,새섬,20191110 ,1
자연,새섬,20191111 ,2
자연,새섬,20191112 ,4
자연,새섬,20191113 ,3
자연,새섬,20191114 ,4
자연,새섬,20191115 ,4
자연,새섬,20191116 ,1
자연,새섬,20191117 ,1
자연,새섬,20191118 ,3
자연,새섬,20191119 ,3
자연,새섬,20191120 ,3
자연,새섬,20191121 ,1
자연,새섬,20191122 ,3
자연,새섬,20191123 ,2
자연,새섬,20191124 ,2
자연,새섬,20191125 ,3
자연,새섬,20191126 ,1
자연,새섬,20191128 ,2
자연,새섬,20191129 ,2
자연,새섬,20191130 ,2
자연,새섬,20191201 ,1
자연,새섬,20191202 ,4
자연,새섬,20191203 ,6
자연,새섬,20191205 ,6
자연,새섬,20191206 ,1
자연,새섬,20191207 ,2
자연,새섬,20191208 ,1
자연,새섬,20191209 ,5
자연,새섬,20191210 ,4
자연,새섬,20191211 ,5
자연,새섬,20191212 ,7
자연,새섬,20191213 ,3
자연,새섬,20191214 ,2
자연,새섬,20191215 ,1
자연,새섬,20191216 ,6
자연,새섬,20191217 ,1
자연,새섬,20191218 ,2
자연,새섬,20191219 ,2
자연,새섬,20191220 ,1
자연,새섬,20191221 ,2
자연,새섬,20191223 ,6
자연,새섬,20191224 ,2
자연,새섬,20191226 ,1
자연,새섬,20191227 ,3
자연,새섬,20191228 ,4
자연,새섬,20191229 ,2
자연,새섬,20191230 ,5
자연,새섬,20191231 ,1
