자연,1100고지습지,20190101,2
자연,고근산,20190101,2
자연,김녕해수욕장,20190101,1
자연,돈내코유원지,20190101,1
자연,따라비오름,20190101,2
자연,별도봉,20190101,1
자연,사라봉,20190101,4
자연,사라오름,20190101,3
자연,산지천,20190101,1
자연,세화해변,20190101,2
자연,수악,20190101,1
자연,신천목장,20190101,2
자연,안덕계곡,20190101,1
자연,오백나한,20190101,1
자연,외돌개,20190101,3
자연,하도리철새도래지,20190101,1
자연,절물자연휴양림,20190101,1
자연,중문색달해수욕장,20190101,1
자연,지미봉,20190101,1
자연,추자도등대,20190101,1
자연,표선해수욕장,20190101,1
자연,한라산국립공원,20190101,5
자연,한라산영실,20190101,3
자연,한라생태숲,20190101,1
자연,형제섬,20190101,6
체험관광지,제주다이나믹메이즈,20190101,1
체험관광지,도순다원,20190101,1
체험관광지,마린파크,20190101,2
체험관광지,이중섭거리,20190101,2
체험관광지,제주마방목지,20190101,1
체험관광지,제주허브동산,20190101,2
건축/조형물,새연교,20190101,2
문화/예술/역사,백제사,20190101,1
문화/예술/역사,법화사,20190101,2
문화/예술/역사,산천단곰솔,20190101,1
문화/예술/역사,추사유배지,20190101,1
문화/예술/역사,성읍민속마을,20190101,5
문화/예술/역사,약천사,20190101,4
문화/예술/역사,제주민속촌,20190101,1
박물관/전시관/미술관,제주도립미술관,20190101,1
박물관/전시관/미술관,기당미술관,20190101,1
박물관/전시관/미술관,제주현대미술관,20190101,1
박물관/전시관/미술관,본태박물관,20190101,2
박물관/전시관/미술관,아프리카박물관,20190101,1
박물관/전시관/미술관,초콜릿박물관,20190101,1
박물관/전시관/미술관,방림원,20190101,1
박물관/전시관/미술관,서복전시관,20190101,1
박물관/전시관/미술관,제주아쿠아플라넷,20190101,2
박물관/전시관/미술관,제주국제평화센터,20190101,1
박물관/전시관/미술관,헬로키티아일랜드,20190101,3
산업,제주맥주양조장,20190101,1
산업,플레이케이팝,20190101,2
자연,문섬,20190101,5
자연,섶섬,20190101,1
자연,범섬,20190101,3
자연,가시오름,20190102,1
자연,거문오름,20190102,4
자연,고근산,20190102,1
자연,금악오름,20190102,1
자연,김녕해수욕장,20190102,2
자연,따라비오름,20190102,2
자연,마라도등대,20190102,1
자연,물영아리,20190102,3
자연,바농오름,20190102,1
자연,별도봉,20190102,1
자연,붉은오름자연휴양림,20190102,1
자연,사라봉,20190102,2
자연,사라오름,20190102,5
자연,생각하는정원,20190102,1
자연,서귀포자연휴양림,20190102,1
자연,석부작박물관,20190102,1
자연,신천목장,20190102,1
자연,아부오름,20190102,1
자연,안덕계곡,20190102,1
자연,여미지식물원,20190102,1
자연,오백나한,20190102,1
자연,용천동굴,20190102,2
자연,월정리해수욕장,20190102,1
자연,이호테우해수욕장,20190102,1
자연,저지오름,20190102,2
자연,정물오름,20190102,1
자연,당처물동굴,20190102,2
자연,벵뒤굴,20190102,1
자연,절물자연휴양림,20190102,4
자연,중문색달해수욕장,20190102,1
자연,지미봉,20190102,1
자연,천제연폭포,20190102,1
자연,표선해수욕장,20190102,1
자연,한라산국립공원,20190102,1
자연,한라산영실,20190102,3
자연,한라수목원,20190102,2
자연,형제섬,20190102,1
체험관광지,마린파크,20190102,2
체험관광지,번개과학체험관,20190102,1
체험관광지,예래생태마을,20190102,1
체험관광지,제주마방목지,20190102,1
체험관광지,제주허브동산,20190102,1
체험관광지,제이엠그랑블루요트,20190102,1
건축/조형물,새연교,20190102,3
건축/조형물,선임교,20190102,1
문화/예술/역사,관덕정,20190102,2
문화/예술/역사,대정향교,20190102,1
문화/예술/역사,백제사,20190102,1
문화/예술/역사,법화사,20190102,1
문화/예술/역사,하논분화구,20190102,1
문화/예술/역사,약천사,20190102,1
문화/예술/역사,월영사,20190102,1
문화/예술/역사,삼성혈,20190102,1
문화/예술/역사,제주민속촌,20190102,2
박물관/전시관/미술관,김영갑갤러리두모악,20190102,1
박물관/전시관/미술관,자연사랑미술관,20190102,1
박물관/전시관/미술관,제주도립미술관,20190102,2
박물관/전시관/미술관,건강과성박물관,20190102,1
박물관/전시관/미술관,국립제주박물관,20190102,1
박물관/전시관/미술관,그리스신화박물관,20190102,3
박물관/전시관/미술관,믿거나말거나박물관,20190102,1
박물관/전시관/미술관,본태박물관,20190102,1
박물관/전시관/미술관,제주돌문화공원,20190102,1
박물관/전시관/미술관,초콜릿박물관,20190102,1
박물관/전시관/미술관,피규어뮤지엄제주,20190102,2
박물관/전시관/미술관,제주아쿠아플라넷,20190102,2
박물관/전시관/미술관,제주추사관,20190102,1
박물관/전시관/미술관,하멜상선전시관,20190102,1
박물관/전시관/미술관,헬로키티아일랜드,20190102,2
산업,넥슨컴퓨터박물관,20190102,2
산업,신화테마파크,20190102,2
산업,플레이케이팝,20190102,3
자연,범섬,20190102,2
자연,1100고지습지,20190103,1
자연,강정천,20190103,4
자연,거문오름,20190103,1
자연,검멀레해변,20190103,2
자연,고근산,20190103,2
자연,구시물,20190103,1
자연,큰엉해안경승지,20190103,2
자연,다랑쉬오름,20190103,1
자연,다려도,20190103,3
자연,따라비오름,20190103,1
자연,마라도등대,20190103,3
자연,무수천,20190103,1
자연,물영아리,20190103,1
자연,방선문,20190103,2
자연,별도봉,20190103,3
자연,비양봉,20190103,1
자연,사라봉,20190103,2
자연,사라오름,20190103,1
자연,산지등대,20190103,1
자연,산지천,20190103,2
자연,생각하는정원,20190103,4
자연,서건도,20190103,2
자연,선흘곶자왈,20190103,1
자연,세화해변,20190103,2
자연,수악,20190103,1
자연,아부오름,20190103,3
자연,엉알해안,20190103,1
자연,여미지식물원,20190103,1
자연,열안지오름,20190103,1
자연,외돌개,20190103,1
자연,우도등대,20190103,1
자연,월정리해수욕장,20190103,1
자연,저지오름,20190103,1
자연,노루생태관찰원,20190103,1
자연,절물자연휴양림,20190103,1
자연,제지기오름,20190103,1
자연,지미봉,20190103,3
자연,천제연폭포,20190103,2
자연,한라산국립공원,20190103,3
자연,한라산영실,20190103,3
자연,한라수목원,20190103,1
자연,형제섬,20190103,5
체험관광지,다희연,20190103,1
체험관광지,두맹이골목,20190103,1
체험관광지,마린파크,20190103,3
체험관광지,용왕난드르,20190103,1
체험관광지,성이시돌목장,20190103,1
체험관광지,이중섭거리,20190103,2
체험관광지,점보빌리지,20190103,1
체험관광지,제주도예촌,20190103,1
건축/조형물,새연교,20190103,5
문화/예술/역사,관덕정,20190103,3
문화/예술/역사,명월대,20190103,1
문화/예술/역사,백제사,20190103,3
문화/예술/역사,법화사,20190103,1
문화/예술/역사,별방진,20190103,1
문화/예술/역사,산방굴사,20190103,2
문화/예술/역사,산천단곰솔,20190103,2
문화/예술/역사,성읍민속마을,20190103,1
문화/예술/역사,약천사,20190103,1
문화/예술/역사,오현단,20190103,3
문화/예술/역사,절부암,20190103,1
문화/예술/역사,삼성혈,20190103,2
문화/예술/역사,제주목관아,20190103,1
문화/예술/역사,제주민속촌,20190103,1
문화/예술/역사,제주성지,20190103,1
문화/예술/역사,제주향교,20190103,1
박물관/전시관/미술관,제주도립미술관,20190103,1
박물관/전시관/미술관,국립제주박물관,20190103,1
박물관/전시관/미술관,그리스신화박물관,20190103,1
박물관/전시관/미술관,아프리카박물관,20190103,1
박물관/전시관/미술관,제주민속자연사박물관,20190103,1
박물관/전시관/미술관,제주돌문화공원,20190103,2
박물관/전시관/미술관,테디베어사파리,20190103,1
박물관/전시관/미술관,초콜릿박물관,20190103,1
박물관/전시관/미술관,제주해녀박물관,20190103,1
박물관/전시관/미술관,방림원,20190103,1
박물관/전시관/미술관,서복전시관,20190103,1
박물관/전시관/미술관,제주아쿠아플라넷,20190103,1
박물관/전시관/미술관,헬로키티아일랜드,20190103,2
산업,맥파이브루어리,20190103,1
산업,신화테마파크,20190103,1
산업,정석항공관,20190103,1
산업,제주맥주양조장,20190103,1
자연,문섬,20190103,3
자연,섶섬,20190103,1
자연,범섬,20190103,4
체험관광지,한라산소주공장,20190103,1
박물관/전시관/미술관,더플래닛,20190103,1
자연,1100고지습지,20190104,4
자연,강정천,20190104,7
자연,개오리오름,20190104,1
자연,검멀레해변,20190104,1
자연,고근산,20190104,1
자연,금능해수욕장,20190104,1
자연,금악오름,20190104,1
자연,김녕해수욕장,20190104,2
자연,큰엉해안경승지,20190104,1
자연,다랑쉬오름,20190104,1
자연,도너리오름,20190104,1
자연,돈내코유원지,20190104,1
자연,따라비오름,20190104,1
자연,무수천,20190104,2
자연,물영아리,20190104,1
자연,방선문,20190104,2
자연,별도봉,20190104,1
자연,비양봉,20190104,1
자연,사라봉,20190104,2
자연,사라오름,20190104,6
자연,산지천,20190104,3
자연,생각하는정원,20190104,3
자연,서건도,20190104,1
자연,수악,20190104,1
자연,신천목장,20190104,2
자연,안덕계곡,20190104,2
자연,여미지식물원,20190104,1
자연,외돌개,20190104,2
자연,용연구름다리,20190104,1
자연,월정리해수욕장,20190104,2
자연,정물오름,20190104,1
자연,벵뒤굴,20190104,1
자연,절물자연휴양림,20190104,2
자연,대포주상절리,20190104,1
자연,중문색달해수욕장,20190104,1
자연,표선해수욕장,20190104,2
자연,한라산국립공원,20190104,2
자연,한라산영실,20190104,4
자연,한라생태숲,20190104,1
자연,한라수목원,20190104,2
자연,형제섬,20190104,3
자연,혼인지,20190104,1
자연,황우지해안,20190104,2
체험관광지,성이시돌목장,20190104,2
체험관광지,제주동백마을,20190104,1
체험관광지,제주허브동산,20190104,2
건축/조형물,새연교,20190104,4
문화/예술/역사,관덕정,20190104,3
문화/예술/역사,방사탑,20190104,2
문화/예술/역사,법화사,20190104,1
문화/예술/역사,산방굴사,20190104,1
문화/예술/역사,성읍민속마을,20190104,5
문화/예술/역사,약천사,20190104,4
문화/예술/역사,제주목관아,20190104,1
박물관/전시관/미술관,김영갑갤러리두모악,20190104,1
박물관/전시관/미술관,제주도립미술관,20190104,1
박물관/전시관/미술관,그리스신화박물관,20190104,1
박물관/전시관/미술관,본태박물관,20190104,1
박물관/전시관/미술관,아프리카박물관,20190104,3
박물관/전시관/미술관,제주세계자연유산센터,20190104,1
박물관/전시관/미술관,제주돌문화공원,20190104,1
박물관/전시관/미술관,초콜릿박물관,20190104,1
박물관/전시관/미술관,제주아쿠아플라넷,20190104,1
박물관/전시관/미술관,제주국제평화센터,20190104,1
박물관/전시관/미술관,헬로키티아일랜드,20190104,1
산업,플레이케이팝,20190104,1
자연,문섬,20190104,1
자연,범섬,20190104,4
체험관광지,한라산소주공장,20190104,1
박물관/전시관/미술관,더플래닛,20190104,1
자연,강정천,20190105,1
자연,개오리오름,20190105,1
자연,거문오름,20190105,1
자연,고근산,20190105,1
자연,금능해수욕장,20190105,1
자연,금악오름,20190105,1
자연,김녕해수욕장,20190105,2
자연,다랑쉬오름,20190105,1
자연,따라비오름,20190105,3
자연,사라봉,20190105,1
자연,사라오름,20190105,1
자연,삼양해수욕장,20190105,1
자연,생각하는정원,20190105,1
자연,서건도,20190105,1
자연,서귀포자연휴양림,20190105,1
자연,수악,20190105,1
자연,신천목장,20190105,3
자연,엉또폭포,20190105,1
자연,여미지식물원,20190105,2
자연,열안지,20190105,1
자연,오백나한,20190105,1
자연,외돌개,20190105,2
자연,우도등대,20190105,1
자연,이호테우해수욕장,20190105,1
자연,노루생태관찰원,20190105,1
자연,절물자연휴양림,20190105,4
자연,대포주상절리,20190105,1
자연,중문색달해수욕장,20190105,1
자연,천제연폭포,20190105,1
자연,표선해수욕장,20190105,3
자연,한라산영실,20190105,1
자연,한라생태숲,20190105,1
자연,한라수목원,20190105,1
자연,형제섬,20190105,3
자연,혼인지,20190105,1
체험관광지,마린파크,20190105,2
체험관광지,이중섭거리,20190105,2
체험관광지,유수암마을,20190105,1
건축/조형물,새연교,20190105,1
문화/예술/역사,백제사,20190105,1
문화/예술/역사,불탑사,20190105,1
문화/예술/역사,추사유배지,20190105,1
문화/예술/역사,성읍민속마을,20190105,3
문화/예술/역사,연북정,20190105,1
문화/예술/역사,삼성혈,20190105,2
문화/예술/역사,제주민속촌,20190105,2
박물관/전시관/미술관,본태박물관,20190105,1
박물관/전시관/미술관,피규어뮤지엄제주,20190105,2
박물관/전시관/미술관,제주아쿠아플라넷,20190105,1
박물관/전시관/미술관,제주추사관,20190105,1
박물관/전시관/미술관,헬로키티아일랜드,20190105,1
산업,넥슨컴퓨터박물관,20190105,2
산업,플레이케이팝,20190105,1
자연,문섬,20190105,1
자연,걸매생태공원,20190105,1
자연,1100고지습지,20190106,2
자연,가마오름,20190106,1
자연,강정천,20190106,1
자연,거문오름,20190106,1
자연,고근산,20190106,2
자연,괴오름,20190106,1
자연,금능해수욕장,20190106,2
자연,김녕해수욕장,20190106,1
자연,높은오름,20190106,2
자연,다랑쉬오름,20190106,3
자연,다려도,20190106,2
자연,마라도등대,20190106,1
자연,물영아리,20190106,1
자연,사라봉,20190106,1
자연,사라오름,20190106,1
자연,산지등대,20190106,1
자연,삼양해수욕장,20190106,1
자연,세미오름,20190106,1
자연,손자봉,20190106,1
자연,신천목장,20190106,2
자연,여미지식물원,20190106,1
자연,왕이메,20190106,1
자연,외돌개,20190106,2
자연,절물자연휴양림,20190106,2
자연,천제연폭포,20190106,1
자연,한라산국립공원,20190106,1
자연,한라산영실,20190106,1
자연,한라수목원,20190106,1
자연,형제섬,20190106,4
자연,혼인지,20190106,1
체험관광지,마린파크,20190106,1
체험관광지,사진놀이터,20190106,1
체험관광지,성이시돌목장,20190106,1
체험관광지,하도어촌체험마을,20190106,1
건축/조형물,새연교,20190106,3
문화/예술/역사,관덕정,20190106,3
문화/예술/역사,성읍민속마을,20190106,1
문화/예술/역사,오현단,20190106,1
문화/예술/역사,삼성혈,20190106,1
문화/예술/역사,제주삼양동유적,20190106,1
박물관/전시관/미술관,믿거나말거나박물관,20190106,1
박물관/전시관/미술관,본태박물관,20190106,1
박물관/전시관/미술관,초콜릿박물관,20190106,1
박물관/전시관/미술관,방림원,20190106,1
박물관/전시관/미술관,트랜스포머오토봇얼라이언스,20190106,1
박물관/전시관/미술관,헬로키티아일랜드,20190106,1
산업,신화워터파크,20190106,1
산업,신화테마파크,20190106,1
산업,제주맥주양조장,20190106,1
자연,문섬,20190106,1
자연,범섬,20190106,1
문화/예술/역사,알뜨르비행장일제지하벙커,20190106,1
박물관/전시관/미술관,더플래닛,20190106,2
자연,1100고지습지,20190107,1
자연,갑선이오름,20190107,1
자연,강정천,20190107,3
자연,거문오름,20190107,1
자연,고근산,20190107,4
자연,금능해수욕장,20190107,1
자연,금악오름,20190107,1
자연,김녕해수욕장,20190107,2
자연,큰엉해안경승지,20190107,1
자연,높은오름,20190107,1
자연,다랑쉬오름,20190107,5
자연,다려도,20190107,2
자연,따라비오름,20190107,1
자연,모구리오름,20190107,1
자연,모지오름,20190107,1
자연,물영아리,20190107,1
자연,별도봉,20190107,2
자연,사라봉,20190107,2
자연,사라오름,20190107,2
자연,생각하는정원,20190107,3
자연,서귀포자연휴양림,20190107,1
자연,세화해변,20190107,3
자연,소정방폭포,20190107,1
자연,손자봉,20190107,1
자연,신천목장,20190107,4
자연,안덕계곡,20190107,3
자연,엉또폭포,20190107,2
자연,여미지식물원,20190107,1
자연,오백나한,20190107,2
자연,외돌개,20190107,3
자연,용연구름다리,20190107,1
자연,용천동굴,20190107,1
자연,월정리해수욕장,20190107,1
자연,저지오름,20190107,2
자연,노루생태관찰원,20190107,1
자연,당처물동굴,20190107,2
자연,벵뒤굴,20190107,1
자연,절물자연휴양림,20190107,3
자연,천제연폭포,20190107,3
자연,표선해수욕장,20190107,3
자연,한라산국립공원,20190107,2
자연,한라산영실,20190107,1
자연,한라생태숲,20190107,1
자연,한라수목원,20190107,4
자연,형제섬,20190107,2
자연,황우지해안,20190107,1
체험관광지,마린파크,20190107,1
체험관광지,번개과학체험관,20190107,1
체험관광지,성이시돌목장,20190107,1
체험관광지,이중섭거리,20190107,1
체험관광지,청수마을,20190107,1
체험관광지,제주허브동산,20190107,1
건축/조형물,새연교,20190107,3
건축/조형물,선임교,20190107,1
문화/예술/역사,관덕정,20190107,2
문화/예술/역사,명월대,20190107,2
문화/예술/역사,백제사,20190107,1
문화/예술/역사,법화사,20190107,1
문화/예술/역사,산방굴사,20190107,1
문화/예술/역사,하논분화구,20190107,1
문화/예술/역사,성읍민속마을,20190107,2
문화/예술/역사,약천사,20190107,1
문화/예술/역사,절부암,20190107,1
문화/예술/역사,삼성혈,20190107,1
박물관/전시관/미술관,제주도립미술관,20190107,3
박물관/전시관/미술관,기당미술관,20190107,1
박물관/전시관/미술관,제주현대미술관,20190107,2
박물관/전시관/미술관,국립제주박물관,20190107,3
박물관/전시관/미술관,그리스신화박물관,20190107,1
박물관/전시관/미술관,믿거나말거나박물관,20190107,1
박물관/전시관/미술관,제주돌문화공원,20190107,1
박물관/전시관/미술관,초콜릿박물관,20190107,1
박물관/전시관/미술관,제주테디베어뮤지엄,20190107,1
박물관/전시관/미술관,피규어뮤지엄제주,20190107,1
박물관/전시관/미술관,방림원,20190107,1
박물관/전시관/미술관,서귀포천문과학문화관,20190107,1
박물관/전시관/미술관,헬로키티아일랜드,20190107,1
산업,넥슨컴퓨터박물관,20190107,2
산업,신화테마파크,20190107,1
산업,플레이케이팝,20190107,1
자연,문섬,20190107,1
자연,섶섬,20190107,2
자연,범섬,20190107,4
자연,거문오름,20190108,1
자연,고근산,20190108,1
자연,금능해수욕장,20190108,1
자연,김녕해수욕장,20190108,2
자연,큰엉해안경승지,20190108,1
자연,높은오름,20190108,1
자연,다랑쉬오름,20190108,2
자연,다려도,20190108,2
자연,물영아리,20190108,2
자연,사라봉,20190108,1
자연,사라오름,20190108,1
자연,삼양해수욕장,20190108,1
자연,세미오름,20190108,2
자연,생각하는정원,20190108,2
자연,수악,20190108,2
자연,여미지식물원,20190108,3
자연,연화못,20190108,1
자연,오백나한,20190108,4
자연,외돌개,20190108,3
자연,월정리해수욕장,20190108,3
자연,저지오름,20190108,1
자연,문주란자생지,20190108,2
자연,하도리철새도래지,20190108,1
자연,절물자연휴양림,20190108,3
자연,대포주상절리,20190108,1
자연,천제연폭포,20190108,3
자연,표선해수욕장,20190108,1
자연,하고수동해변,20190108,1
자연,한라산국립공원,20190108,1
자연,한라산영실,20190108,2
자연,한라수목원,20190108,2
자연,형제섬,20190108,3
자연,화순금모래해수욕장,20190108,1
자연,황우지해안,20190108,1
체험관광지,도순다원,20190108,1
체험관광지,마린파크,20190108,2
체험관광지,번개과학체험관,20190108,2
체험관광지,성이시돌목장,20190108,2
체험관광지,이중섭거리,20190108,3
건축/조형물,새연교,20190108,2
건축/조형물,선임교,20190108,1
문화/예술/역사,관덕정,20190108,2
문화/예술/역사,법화사,20190108,1
문화/예술/역사,산방굴사,20190108,1
문화/예술/역사,성읍민속마을,20190108,2
문화/예술/역사,약천사,20190108,2
문화/예술/역사,연북정,20190108,1
문화/예술/역사,삼성혈,20190108,1
박물관/전시관/미술관,기당미술관,20190108,1
박물관/전시관/미술관,국립제주박물관,20190108,2
박물관/전시관/미술관,본태박물관,20190108,2
박물관/전시관/미술관,제주세계자연유산센터,20190108,1
박물관/전시관/미술관,제주돌문화공원,20190108,1
박물관/전시관/미술관,제주해녀박물관,20190108,1
박물관/전시관/미술관,제주아쿠아플라넷,20190108,1
박물관/전시관/미술관,제주추사관,20190108,1
산업,맥파이브루어리,20190108,1
자연,범섬,20190108,1
자연,거문오름,20190109,2
자연,거미오름,20190109,1
자연,검멀레해변,20190109,2
자연,고근산,20190109,2
자연,금능해수욕장,20190109,1
자연,금악오름,20190109,1
자연,김녕사굴,20190109,1
자연,김녕해수욕장,20190109,1
자연,큰엉해안경승지,20190109,1
자연,높은오름,20190109,1
자연,다랑쉬오름,20190109,3
자연,다려도,20190109,1
자연,도너리오름,20190109,1
자연,따라비오름,20190109,1
자연,바농오름,20190109,1
자연,별도봉,20190109,1
자연,비양봉,20190109,1
자연,사라봉,20190109,1
자연,사라오름,20190109,2
자연,산지천,20190109,2
자연,삼양해수욕장,20190109,1
자연,서귀포자연휴양림,20190109,1
자연,세화해변,20190109,1
자연,소정방폭포,20190109,1
자연,아부오름,20190109,1
자연,엉또폭포,20190109,1
자연,연화못,20190109,1
자연,오백나한,20190109,2
자연,외돌개,20190109,4
자연,용천동굴,20190109,2
자연,저지오름,20190109,1
자연,정물오름,20190109,1
자연,당처물동굴,20190109,1
자연,벵뒤굴,20190109,1
자연,절물자연휴양림,20190109,3
자연,천제연폭포,20190109,1
자연,표선해수욕장,20190109,3
자연,하고수동해변,20190109,1
자연,하모해수욕장,20190109,1
자연,한라산국립공원,20190109,2
자연,한라산영실,20190109,5
자연,한라생태숲,20190109,2
자연,한라수목원,20190109,3
자연,형제섬,20190109,2
자연,혼인지,20190109,2
체험관광지,마린파크,20190109,2
체험관광지,가시리마을,20190109,1
체험관광지,성이시돌목장,20190109,1
체험관광지,이중섭거리,20190109,1
체험관광지,제주허브동산,20190109,1
체험관광지,무병장수테마파크,20190109,1
건축/조형물,새연교,20190109,2
건축/조형물,제주해녀항일운동기념탑,20190109,1
문화/예술/역사,관덕정,20190109,2
문화/예술/역사,명월대,20190109,1
문화/예술/역사,방사탑,20190109,1
문화/예술/역사,백제사,20190109,2
문화/예술/역사,별방진,20190109,1
문화/예술/역사,추사유배지,20190109,1
문화/예술/역사,성읍민속마을,20190109,1
문화/예술/역사,약천사,20190109,2
문화/예술/역사,연북정,20190109,1
문화/예술/역사,월영사,20190109,1
문화/예술/역사,이중섭거주지,20190109,1
문화/예술/역사,정의향교,20190109,1
문화/예술/역사,삼성혈,20190109,2
문화/예술/역사,제주민속촌,20190109,1
문화/예술/역사,제주성지,20190109,1
박물관/전시관/미술관,제주도립미술관,20190109,1
박물관/전시관/미술관,제주현대미술관,20190109,1
박물관/전시관/미술관,그리스신화박물관,20190109,1
박물관/전시관/미술관,믿거나말거나박물관,20190109,2
박물관/전시관/미술관,본태박물관,20190109,1
박물관/전시관/미술관,제주민속자연사박물관,20190109,1
박물관/전시관/미술관,제주돌문화공원,20190109,1
박물관/전시관/미술관,제주평화박물관,20190109,1
박물관/전시관/미술관,서귀포천문과학문화관,20190109,1
박물관/전시관/미술관,제주추사관,20190109,3
박물관/전시관/미술관,제주국제평화센터,20190109,1
박물관/전시관/미술관,헬로키티아일랜드,20190109,1
산업,플레이케이팝,20190109,1
자연,개오리오름,20190110,1
자연,거문오름,20190110,2
자연,거미오름,20190110,1
자연,검멀레해변,20190110,1
자연,고근산,20190110,2
자연,금능해수욕장,20190110,1
자연,김녕해수욕장,20190110,2
자연,높은오름,20190110,2
자연,다랑쉬오름,20190110,6
자연,따라비오름,20190110,1
자연,마라도등대,20190110,1
자연,무수천,20190110,2
자연,별도봉,20190110,2
자연,붉은오름자연휴양림,20190110,1
자연,사라봉,20190110,4
자연,산지천,20190110,2
자연,생각하는정원,20190110,2
자연,서귀포자연휴양림,20190110,1
자연,세화해변,20190110,1
자연,수악,20190110,1
자연,신천목장,20190110,4
자연,아부오름,20190110,3
자연,안덕계곡,20190110,1
자연,엉또폭포,20190110,1
자연,여미지식물원,20190110,3
자연,우도등대,20190110,1
자연,이호테우해수욕장,20190110,1
자연,노루생태관찰원,20190110,1
자연,절물자연휴양림,20190110,4
자연,대포주상절리,20190110,1
자연,지미봉,20190110,3
자연,천제연폭포,20190110,3
자연,표선해수욕장,20190110,1
자연,한라산영실,20190110,2
자연,한라수목원,20190110,5
자연,형제섬,20190110,1
자연,혼인지,20190110,3
체험관광지,제주다이나믹메이즈,20190110,1
체험관광지,다희연,20190110,1
체험관광지,마린파크,20190110,2
체험관광지,이중섭거리,20190110,4
체험관광지,조랑말체험공원,20190110,1
체험관광지,혼인지마을,20190110,1
건축/조형물,새연교,20190110,1
건축/조형물,선임교,20190110,1
건축/조형물,제주해녀항일운동기념탑,20190110,1
문화/예술/역사,관덕정,20190110,2
문화/예술/역사,대정향교,20190110,1
문화/예술/역사,모충사,20190110,1
문화/예술/역사,백제사,20190110,1
문화/예술/역사,불탑사,20190110,1
문화/예술/역사,추사유배지,20190110,2
문화/예술/역사,약천사,20190110,3
문화/예술/역사,연북정,20190110,1
문화/예술/역사,오현단,20190110,1
문화/예술/역사,삼성혈,20190110,1
문화/예술/역사,제주성지,20190110,1
박물관/전시관/미술관,왈종미술관,20190110,1
박물관/전시관/미술관,제주도립미술관,20190110,1
박물관/전시관/미술관,국립제주박물관,20190110,1
박물관/전시관/미술관,그리스신화박물관,20190110,1
박물관/전시관/미술관,아프리카박물관,20190110,1
박물관/전시관/미술관,제주민속자연사박물관,20190110,1
박물관/전시관/미술관,제주돌문화공원,20190110,2
박물관/전시관/미술관,제주평화박물관,20190110,1
박물관/전시관/미술관,초콜릿박물관,20190110,1
박물관/전시관/미술관,피규어뮤지엄제주,20190110,1
박물관/전시관/미술관,제주해녀박물관,20190110,1
박물관/전시관/미술관,제주아쿠아플라넷,20190110,2
박물관/전시관/미술관,제주추사관,20190110,1
박물관/전시관/미술관,제주국제평화센터,20190110,1
박물관/전시관/미술관,제주통일관,20190110,1
산업,넥슨컴퓨터박물관,20190110,3
산업,플레이케이팝,20190110,1
자연,문섬,20190110,2
자연,섶섬,20190110,2
자연,범섬,20190110,8
박물관/전시관/미술관,더플래닛,20190110,1
자연,고근산,20190111,1
자연,금능해수욕장,20190111,2
자연,김녕해수욕장,20190111,1
자연,높은오름,20190111,1
자연,다랑쉬오름,20190111,5
자연,돈내코유원지,20190111,1
자연,둔지봉,20190111,1
자연,따라비오름,20190111,1
자연,모구리오름,20190111,1
자연,모지오름,20190111,1
자연,무수천,20190111,1
자연,물영아리,20190111,1
자연,바농오름,20190111,1
자연,붉은오름자연휴양림,20190111,1
자연,비양봉,20190111,1
자연,사라봉,20190111,4
자연,사라오름,20190111,4
자연,생각하는정원,20190111,1
자연,소남머리,20190111,1
자연,소정방폭포,20190111,1
자연,수악,20190111,1
자연,신천목장,20190111,2
자연,아부오름,20190111,1
자연,안덕계곡,20190111,1
자연,엉또폭포,20190111,1
자연,여미지식물원,20190111,1
자연,오백나한,20190111,1
자연,외돌개,20190111,3
자연,용연구름다리,20190111,1
자연,이호테우해수욕장,20190111,4
자연,저지오름,20190111,1
자연,절물자연휴양림,20190111,1
자연,지미봉,20190111,2
자연,천아오름,20190111,1
자연,천제연폭포,20190111,1
자연,하고수동해변,20190111,1
자연,한라산국립공원,20190111,3
자연,한라산영실,20190111,1
자연,한라수목원,20190111,2
자연,형제섬,20190111,2
체험관광지,마린파크,20190111,2
체험관광지,번개과학체험관,20190111,1
체험관광지,성이시돌목장,20190111,1
건축/조형물,새연교,20190111,3
건축/조형물,제주해녀항일운동기념탑,20190111,1
문화/예술/역사,관덕정,20190111,4
문화/예술/역사,대정향교,20190111,1
문화/예술/역사,방사탑,20190111,2
문화/예술/역사,성읍민속마을,20190111,1
문화/예술/역사,약천사,20190111,1
문화/예술/역사,삼성혈,20190111,1
문화/예술/역사,제주민속촌,20190111,1
박물관/전시관/미술관,제주도립미술관,20190111,1
박물관/전시관/미술관,국립제주박물관,20190111,1
박물관/전시관/미술관,그리스신화박물관,20190111,1
박물관/전시관/미술관,본태박물관,20190111,4
박물관/전시관/미술관,제주세계자연유산센터,20190111,4
박물관/전시관/미술관,피규어뮤지엄제주,20190111,2
박물관/전시관/미술관,서귀포천문과학문화관,20190111,1
박물관/전시관/미술관,제주아쿠아플라넷,20190111,2
박물관/전시관/미술관,제주추사관,20190111,1
산업,넥슨컴퓨터박물관,20190111,1
산업,신화테마파크,20190111,1
자연,문섬,20190111,3
자연,섶섬,20190111,2
자연,범섬,20190111,1
박물관/전시관/미술관,더플래닛,20190111,2
자연,강정천,20190112,1
자연,거린사슴,20190112,2
자연,거문오름,20190112,2
자연,금악오름,20190112,1
자연,김녕해수욕장,20190112,1
자연,큰엉해안경승지,20190112,1
자연,높은오름,20190112,4
자연,다랑쉬오름,20190112,4
자연,따라비오름,20190112,1
자연,사라봉,20190112,2
자연,사라오름,20190112,3
자연,산지천,20190112,1
자연,생각하는정원,20190112,4
자연,세화해변,20190112,2
자연,손자봉,20190112,1
자연,신천목장,20190112,2
자연,여미지식물원,20190112,2
자연,외돌개,20190112,3
자연,이호테우해수욕장,20190112,1
자연,정물오름,20190112,1
자연,문주란자생지,20190112,1
자연,절물자연휴양림,20190112,2
자연,중문색달해수욕장,20190112,1
자연,지미봉,20190112,2
자연,표선해수욕장,20190112,4
자연,한라산국립공원,20190112,1
자연,한라산영실,20190112,1
자연,형제섬,20190112,1
자연,혼인지,20190112,1
자연,화순금모래해수욕장,20190112,2
자연,황우지해안,20190112,2
체험관광지,다희연,20190112,1
체험관광지,마린파크,20190112,1
체험관광지,성이시돌목장,20190112,1
체험관광지,이중섭거리,20190112,5
체험관광지,하도어촌체험마을,20190112,1
건축/조형물,새연교,20190112,3
건축/조형물,제주해녀항일운동기념탑,20190112,1
문화/예술/역사,방사탑,20190112,1
문화/예술/역사,백제사,20190112,1
문화/예술/역사,법화사,20190112,1
문화/예술/역사,별방진,20190112,2
문화/예술/역사,산방굴사,20190112,2
문화/예술/역사,추사유배지,20190112,1
문화/예술/역사,성읍민속마을,20190112,1
문화/예술/역사,약천사,20190112,3
문화/예술/역사,이중섭거주지,20190112,1
문화/예술/역사,삼성혈,20190112,1
문화/예술/역사,제주성지,20190112,1
박물관/전시관/미술관,김영갑갤러리두모악,20190112,1
박물관/전시관/미술관,제주도립미술관,20190112,2
박물관/전시관/미술관,믿거나말거나박물관,20190112,1
박물관/전시관/미술관,본태박물관,20190112,1
박물관/전시관/미술관,제주세계자연유산센터,20190112,1
박물관/전시관/미술관,제주돌문화공원,20190112,2
박물관/전시관/미술관,테디베어사파리,20190112,1
박물관/전시관/미술관,초콜릿박물관,20190112,1
박물관/전시관/미술관,제주아쿠아플라넷,20190112,1
산업,넥슨컴퓨터박물관,20190112,2
산업,신화테마파크,20190112,1
산업,플레이케이팝,20190112,1
자연,문섬,20190112,1
자연,섶섬,20190112,1
체험관광지,한라산소주공장,20190112,2
자연,1100고지습지,20190113,2
자연,강정천,20190113,2
자연,거문오름,20190113,3
자연,고근산,20190113,1
자연,금능해수욕장,20190113,1
자연,금악오름,20190113,3
자연,김녕해수욕장,20190113,2
자연,큰엉해안경승지,20190113,1
자연,높은오름,20190113,2
자연,다려도,20190113,2
자연,따라비오름,20190113,1
자연,방선문,20190113,1
자연,사라봉,20190113,2
자연,사라오름,20190113,5
자연,산지천,20190113,2
자연,생각하는정원,20190113,1
자연,서건도,20190113,1
자연,선흘곶자왈,20190113,1
자연,세화해변,20190113,1
자연,신천목장,20190113,3
자연,아부오름,20190113,1
자연,안덕계곡,20190113,1
자연,여미지식물원,20190113,1
자연,외돌개,20190113,3
자연,용천동굴,20190113,1
자연,월정리해수욕장,20190113,1
자연,저지오름,20190113,1
자연,당처물동굴,20190113,1
자연,벵뒤굴,20190113,1
자연,하도리철새도래지,20190113,1
자연,절물자연휴양림,20190113,2
자연,중문색달해수욕장,20190113,2
자연,지미봉,20190113,3
자연,천제연폭포,20190113,2
자연,표선해수욕장,20190113,1
자연,하모해수욕장,20190113,1
자연,한라산국립공원,20190113,2
자연,한라산영실,20190113,2
자연,한라생태숲,20190113,1
자연,한라수목원,20190113,4
자연,형제섬,20190113,2
체험관광지,다희연,20190113,1
체험관광지,마린파크,20190113,1
체험관광지,사진놀이터,20190113,1
체험관광지,이중섭거리,20190113,2
체험관광지,제주허브동산,20190113,2
건축/조형물,새연교,20190113,3
건축/조형물,제주해녀항일운동기념탑,20190113,1
문화/예술/역사,관덕정,20190113,3
문화/예술/역사,백제사,20190113,2
문화/예술/역사,법화사,20190113,2
문화/예술/역사,별방진,20190113,1
문화/예술/역사,하논분화구,20190113,1
문화/예술/역사,약천사,20190113,3
문화/예술/역사,연북정,20190113,1
문화/예술/역사,오현단,20190113,1
문화/예술/역사,삼성혈,20190113,1
문화/예술/역사,제주민속촌,20190113,1
문화/예술/역사,제주향교,20190113,1
박물관/전시관/미술관,제주도립미술관,20190113,1
박물관/전시관/미술관,기당미술관,20190113,1
박물관/전시관/미술관,국립제주박물관,20190113,1
박물관/전시관/미술관,본태박물관,20190113,2
박물관/전시관/미술관,초콜릿박물관,20190113,2
박물관/전시관/미술관,피규어뮤지엄제주,20190113,1
박물관/전시관/미술관,방림원,20190113,2
박물관/전시관/미술관,제주아쿠아플라넷,20190113,1
박물관/전시관/미술관,제주추사관,20190113,1
박물관/전시관/미술관,하멜상선전시관,20190113,1
산업,플레이케이팝,20190113,1
자연,문섬,20190113,2
자연,범섬,20190113,3
자연,1100고지습지,20190114,1
자연,거문오름,20190114,1
자연,검멀레해변,20190114,2
자연,고근산,20190114,1
자연,큰엉해안경승지,20190114,2
자연,높은오름,20190114,2
자연,다랑쉬오름,20190114,1
자연,따라비오름,20190114,1
자연,물영아리,20190114,1
자연,바농오름,20190114,1
자연,붉은오름자연휴양림,20190114,1
자연,사라봉,20190114,2
자연,사라오름,20190114,4
자연,산지등대,20190114,1
자연,세미오름,20190114,1
자연,생각하는정원,20190114,1
자연,서귀포자연휴양림,20190114,1
자연,선흘곶자왈,20190114,1
자연,소정방폭포,20190114,2
자연,쌍용굴,20190114,1
자연,아부오름,20190114,3
자연,안덕계곡,20190114,1
자연,엉또폭포,20190114,1
자연,여미지식물원,20190114,3
자연,열안지,20190114,1
자연,열안지오름,20190114,1
자연,오백나한,20190114,3
자연,외돌개,20190114,2
자연,우도등대,20190114,2
자연,저지오름,20190114,1
자연,절물자연휴양림,20190114,3
자연,종달리해안도로,20190114,1
자연,대포주상절리,20190114,1
자연,지미봉,20190114,1
자연,천제연폭포,20190114,1
자연,표선해수욕장,20190114,1
자연,하고수동해변,20190114,2
자연,한라산국립공원,20190114,2
자연,한라산영실,20190114,1
자연,한라생태숲,20190114,1
자연,한라수목원,20190114,3
자연,혼인지,20190114,1
자연,황우지해안,20190114,1
체험관광지,제주다이나믹메이즈,20190114,1
체험관광지,도순다원,20190114,1
체험관광지,마린파크,20190114,1
체험관광지,번개과학체험관,20190114,1
체험관광지,가시리마을,20190114,2
체험관광지,성이시돌목장,20190114,2
체험관광지,점보빌리지,20190114,3
체험관광지,초콜릿랜드,20190114,1
체험관광지,제주마방목지,20190114,1
체험관광지,제주허브동산,20190114,2
건축/조형물,새연교,20190114,3
문화/예술/역사,관덕정,20190114,3
문화/예술/역사,백제사,20190114,1
문화/예술/역사,법화사,20190114,3
문화/예술/역사,산방굴사,20190114,2
문화/예술/역사,추사유배지,20190114,1
문화/예술/역사,약천사,20190114,2
문화/예술/역사,제주민속촌,20190114,1
문화/예술/역사,제주성지,20190114,1
박물관/전시관/미술관,제주현대미술관,20190114,1
박물관/전시관/미술관,믿거나말거나박물관,20190114,2
박물관/전시관/미술관,본태박물관,20190114,4
박물관/전시관/미술관,아프리카박물관,20190114,1
박물관/전시관/미술관,제주세계자연유산센터,20190114,1
박물관/전시관/미술관,제주민속자연사박물관,20190114,1
박물관/전시관/미술관,제주돌문화공원,20190114,1
박물관/전시관/미술관,제주유리박물관,20190114,1
박물관/전시관/미술관,초콜릿박물관,20190114,2
박물관/전시관/미술관,제주테디베어뮤지엄,20190114,1
박물관/전시관/미술관,피규어뮤지엄제주,20190114,1
박물관/전시관/미술관,제주해녀박물관,20190114,1
박물관/전시관/미술관,방림원,20190114,2
박물관/전시관/미술관,서복전시관,20190114,1
박물관/전시관/미술관,제주아쿠아플라넷,20190114,2
박물관/전시관/미술관,제주추사관,20190114,1
박물관/전시관/미술관,제주국제평화센터,20190114,1
박물관/전시관/미술관,헬로키티아일랜드,20190114,4
산업,넥슨컴퓨터박물관,20190114,1
산업,신화워터파크,20190114,1
산업,신화테마파크,20190114,1
산업,플레이케이팝,20190114,1
자연,문섬,20190114,2
자연,섶섬,20190114,1
문화/예술/역사,알뜨르비행장일제지하벙커,20190114,1
박물관/전시관/미술관,더플래닛,20190114,1
자연,1100고지습지,20190115,1
자연,고근산,20190115,1
자연,금악오름,20190115,2
자연,높은오름,20190115,1
자연,다랑쉬오름,20190115,2
자연,다려도,20190115,3
자연,따라비오름,20190115,2
자연,모구리오름,20190115,1
자연,바농오름,20190115,1
자연,비양봉,20190115,1
자연,사라봉,20190115,1
자연,사라오름,20190115,2
자연,삼양해수욕장,20190115,1
자연,세미오름,20190115,1
자연,세화해변,20190115,1
자연,손자봉,20190115,1
자연,신천목장,20190115,2
자연,아부오름,20190115,1
자연,여미지식물원,20190115,2
자연,오백나한,20190115,1
자연,외돌개,20190115,3
자연,이호테우해수욕장,20190115,1
자연,절물자연휴양림,20190115,1
자연,대포주상절리,20190115,1
자연,중문색달해수욕장,20190115,1
자연,지미봉,20190115,1
자연,천제연폭포,20190115,2
자연,표선해수욕장,20190115,1
자연,한라산국립공원,20190115,1
자연,한라산영실,20190115,4
자연,한라생태숲,20190115,1
자연,한라수목원,20190115,1
자연,형제섬,20190115,2
자연,혼인지,20190115,1
자연,후곡악,20190115,1
체험관광지,다희연,20190115,1
체험관광지,도순다원,20190115,1
체험관광지,마린파크,20190115,4
체험관광지,이중섭거리,20190115,4
체험관광지,제주허브동산,20190115,2
건축/조형물,새연교,20190115,5
문화/예술/역사,백제사,20190115,1
문화/예술/역사,산방굴사,20190115,1
문화/예술/역사,성읍민속마을,20190115,3
문화/예술/역사,약천사,20190115,2
문화/예술/역사,오현단,20190115,1
문화/예술/역사,삼성혈,20190115,3
문화/예술/역사,제주성지,20190115,1
문화/예술/역사,제주향교,20190115,1
박물관/전시관/미술관,놀라운트릭아이미술관,20190115,1
박물관/전시관/미술관,국립제주박물관,20190115,2
박물관/전시관/미술관,제주민속자연사박물관,20190115,1
박물관/전시관/미술관,초콜릿박물관,20190115,1
박물관/전시관/미술관,방림원,20190115,1
산업,신화테마파크,20190115,1
자연,문섬,20190115,2
자연,섶섬,20190115,1
자연,범섬,20190115,4
박물관/전시관/미술관,더플래닛,20190115,1
자연,강정천,20190116,1
자연,거문오름,20190116,2
자연,검멀레해변,20190116,1
자연,고근산,20190116,1
자연,금능해수욕장,20190116,3
자연,금악오름,20190116,1
자연,큰엉해안경승지,20190116,2
자연,높은오름,20190116,1
자연,다랑쉬오름,20190116,2
자연,다려도,20190116,2
자연,돈내코유원지,20190116,1
자연,따라비오름,20190116,1
자연,바농오름,20190116,1
자연,별도봉,20190116,1
자연,사라봉,20190116,2
자연,사라오름,20190116,1
자연,생각하는정원,20190116,2
자연,수악,20190116,1
자연,신천목장,20190116,1
자연,쌍용굴,20190116,1
자연,아부오름,20190116,3
자연,안덕계곡,20190116,1
자연,엉알해안,20190116,1
자연,여미지식물원,20190116,2
자연,외돌개,20190116,1
자연,우도등대,20190116,1
자연,월정리해수욕장,20190116,1
자연,이호테우해수욕장,20190116,1
자연,저지오름,20190116,2
자연,정물오름,20190116,1
자연,노루생태관찰원,20190116,1
자연,절물자연휴양림,20190116,1
자연,지미봉,20190116,2
자연,천제연폭포,20190116,1
자연,표선해수욕장,20190116,2
자연,하고수동해변,20190116,1
자연,한라산국립공원,20190116,3
자연,한라산영실,20190116,5
자연,한라생태숲,20190116,1
자연,한라수목원,20190116,1
자연,형제섬,20190116,2
체험관광지,마린파크,20190116,2
체험관광지,성이시돌목장,20190116,1
체험관광지,이중섭거리,20190116,3
체험관광지,점보빌리지,20190116,1
체험관광지,초콜릿랜드,20190116,1
체험관광지,제주허브동산,20190116,3
건축/조형물,새연교,20190116,4
문화/예술/역사,관덕정,20190116,2
문화/예술/역사,백제사,20190116,1
문화/예술/역사,불탑사,20190116,1
문화/예술/역사,산방굴사,20190116,1
문화/예술/역사,이중섭거주지,20190116,1
문화/예술/역사,절부암,20190116,1
문화/예술/역사,삼성혈,20190116,1
문화/예술/역사,제주목관아,20190116,1
문화/예술/역사,제주민속촌,20190116,2
박물관/전시관/미술관,제주도립미술관,20190116,2
박물관/전시관/미술관,제주현대미술관,20190116,1
박물관/전시관/미술관,국립제주박물관,20190116,1
박물관/전시관/미술관,믿거나말거나박물관,20190116,1
박물관/전시관/미술관,본태박물관,20190116,5
박물관/전시관/미술관,아프리카박물관,20190116,1
박물관/전시관/미술관,제주세계자연유산센터,20190116,1
박물관/전시관/미술관,초콜릿박물관,20190116,1
박물관/전시관/미술관,피규어뮤지엄제주,20190116,1
박물관/전시관/미술관,방림원,20190116,1
박물관/전시관/미술관,제주아쿠아플라넷,20190116,1
박물관/전시관/미술관,제주추사관,20190116,1
박물관/전시관/미술관,제주국제평화센터,20190116,1
박물관/전시관/미술관,헬로키티아일랜드,20190116,1
산업,제주맥주양조장,20190116,1
산업,플레이케이팝,20190116,2
자연,문섬,20190116,2
자연,범섬,20190116,2
자연,1100고지습지,20190117,2
자연,개오름,20190117,1
자연,거문오름,20190117,2
자연,거슨세미오름,20190117,1
자연,검멀레해변,20190117,1
자연,고근산,20190117,2
자연,괴오름,20190117,1
자연,큰엉해안경승지,20190117,1
자연,다랑쉬오름,20190117,1
자연,다려도,20190117,2
자연,마라도등대,20190117,1
자연,사라봉,20190117,5
자연,사라오름,20190117,1
자연,삼양해수욕장,20190117,1
자연,세미오름,20190117,1
자연,생각하는정원,20190117,1
자연,세화해변,20190117,3
자연,신천목장,20190117,3
자연,외돌개,20190117,1
자연,저지오름,20190117,1
자연,천제연폭포,20190117,2
자연,폭낭오름,20190117,1
자연,표선해수욕장,20190117,2
자연,하고수동해변,20190117,1
자연,한라산국립공원,20190117,2
자연,한라산영실,20190117,3
자연,한라생태숲,20190117,1
자연,한라수목원,20190117,3
자연,형제섬,20190117,2
자연,혼인지,20190117,1
체험관광지,마린파크,20190117,2
체험관광지,성이시돌목장,20190117,1
체험관광지,점보빌리지,20190117,1
체험관광지,초콜릿랜드,20190117,3
체험관광지,제주허브동산,20190117,1
체험관광지,조랑말체험공원,20190117,1
건축/조형물,새연교,20190117,5
건축/조형물,선임교,20190117,1
문화/예술/역사,백제사,20190117,1
문화/예술/역사,불탑사,20190117,1
문화/예술/역사,성읍민속마을,20190117,1
문화/예술/역사,연북정,20190117,1
박물관/전시관/미술관,김영갑갤러리두모악,20190117,1
박물관/전시관/미술관,제주도립미술관,20190117,2
박물관/전시관/미술관,국립제주박물관,20190117,1
박물관/전시관/미술관,믿거나말거나박물관,20190117,1
박물관/전시관/미술관,본태박물관,20190117,2
박물관/전시관/미술관,제주세계자연유산센터,20190117,1
박물관/전시관/미술관,제주돌문화공원,20190117,1
박물관/전시관/미술관,제주해녀박물관,20190117,1
박물관/전시관/미술관,제주아쿠아플라넷,20190117,1
박물관/전시관/미술관,캐릭파크,20190117,1
박물관/전시관/미술관,하멜상선전시관,20190117,1
산업,넥슨컴퓨터박물관,20190117,1
산업,제주맥주양조장,20190117,1
산업,플레이케이팝,20190117,1
자연,문섬,20190117,1
박물관/전시관/미술관,더플래닛,20190117,1
자연,1100고지습지,20190118,1
자연,거문오름,20190118,4
자연,검멀레해변,20190118,1
자연,고근산,20190118,1
자연,금능해수욕장,20190118,1
자연,금악오름,20190118,1
자연,김녕해수욕장,20190118,1
자연,높은오름,20190118,2
자연,다랑쉬오름,20190118,3
자연,따라비오름,20190118,1
자연,무수천,20190118,1
자연,방선문,20190118,1
자연,별도봉,20190118,2
자연,붉은오름자연휴양림,20190118,1
자연,사라봉,20190118,3
자연,사라오름,20190118,2
자연,산지천,20190118,2
자연,생각하는정원,20190118,1
자연,서귀포자연휴양림,20190118,1
자연,세화해변,20190118,1
자연,손자봉,20190118,1
자연,신천목장,20190118,17
자연,아부오름,20190118,1
자연,안덕계곡,20190118,1
자연,여미지식물원,20190118,1
자연,오백나한,20190118,2
자연,외돌개,20190118,1
자연,용천동굴,20190118,2
자연,월정리해수욕장,20190118,2
자연,이호테우해수욕장,20190118,1
자연,당처물동굴,20190118,1
자연,벵뒤굴,20190118,1
자연,절물자연휴양림,20190118,3
자연,제지기오름,20190118,1
자연,중문색달해수욕장,20190118,1
자연,지미봉,20190118,1
자연,천제연폭포,20190118,2
자연,추자도등대,20190118,1
자연,표선해수욕장,20190118,1
자연,한라산국립공원,20190118,1
자연,한라산영실,20190118,1
자연,한라수목원,20190118,4
자연,형제섬,20190118,4
자연,혼인지,20190118,2
체험관광지,마린파크,20190118,2
체험관광지,성이시돌목장,20190118,1
체험관광지,이중섭거리,20190118,2
체험관광지,제주허브동산,20190118,1
건축/조형물,새연교,20190118,1
문화/예술/역사,관덕정,20190118,5
문화/예술/역사,대정향교,20190118,1
문화/예술/역사,백제사,20190118,2
문화/예술/역사,불탑사,20190118,1
문화/예술/역사,산방굴사,20190118,1
문화/예술/역사,하논분화구,20190118,1
문화/예술/역사,성읍민속마을,20190118,2
문화/예술/역사,연북정,20190118,1
문화/예술/역사,오현단,20190118,1
문화/예술/역사,절부암,20190118,1
문화/예술/역사,제주목관아,20190118,2
박물관/전시관/미술관,제주도립미술관,20190118,2
박물관/전시관/미술관,제주현대미술관,20190118,1
박물관/전시관/미술관,국립제주박물관,20190118,1
박물관/전시관/미술관,믿거나말거나박물관,20190118,1
박물관/전시관/미술관,본태박물관,20190118,2
박물관/전시관/미술관,조안베어뮤지엄,20190118,1
박물관/전시관/미술관,제주테디베어뮤지엄,20190118,1
박물관/전시관/미술관,피규어뮤지엄제주,20190118,1
박물관/전시관/미술관,제주추사관,20190118,1
산업,넥슨컴퓨터박물관,20190118,1
산업,신화테마파크,20190118,1
산업,플레이케이팝,20190118,1
자연,문섬,20190118,1
자연,범섬,20190118,2
자연,걸매생태공원,20190118,1
체험관광지,제주샘주,20190118,1
박물관/전시관/미술관,더플래닛,20190118,1
자연,개오리오름,20190119,1
자연,거문오름,20190119,2
자연,고근산,20190119,1
자연,금능해수욕장,20190119,2
자연,김녕사굴,20190119,1
자연,다랑쉬오름,20190119,3
자연,다려도,20190119,1
자연,별도봉,20190119,1
자연,사라봉,20190119,2
자연,사라오름,20190119,2
자연,산지등대,20190119,1
자연,수악,20190119,1
자연,신천목장,20190119,9
자연,쌍용굴,20190119,1
자연,아부오름,20190119,2
자연,외돌개,20190119,1
자연,용천동굴,20190119,1
자연,월정리해수욕장,20190119,2
자연,이호테우해수욕장,20190119,1
자연,정물오름,20190119,1
자연,노루생태관찰원,20190119,1
자연,당처물동굴,20190119,1
자연,벵뒤굴,20190119,1
자연,종달리해안도로,20190119,1
자연,대포주상절리,20190119,1
자연,천제연폭포,20190119,2
자연,표선해수욕장,20190119,1
자연,한라산국립공원,20190119,1
자연,한라산영실,20190119,1
자연,한라생태숲,20190119,1
자연,형제섬,20190119,8
자연,혼인지,20190119,2
자연,황우지해안,20190119,1
체험관광지,제주다이나믹메이즈,20190119,1
체험관광지,마린파크,20190119,2
체험관광지,번개과학체험관,20190119,1
체험관광지,성이시돌목장,20190119,1
체험관광지,이중섭거리,20190119,4
건축/조형물,새연교,20190119,4
문화/예술/역사,관덕정,20190119,2
문화/예술/역사,모충사,20190119,1
문화/예술/역사,방사탑,20190119,1
문화/예술/역사,백제사,20190119,1
문화/예술/역사,법화사,20190119,1
문화/예술/역사,산방굴사,20190119,1
문화/예술/역사,하논분화구,20190119,1
문화/예술/역사,약천사,20190119,1
문화/예술/역사,이중섭거주지,20190119,1
문화/예술/역사,삼성혈,20190119,1
박물관/전시관/미술관,제주도립미술관,20190119,1
박물관/전시관/미술관,기당미술관,20190119,1
박물관/전시관/미술관,제주현대미술관,20190119,1
박물관/전시관/미술관,믿거나말거나박물관,20190119,1
박물관/전시관/미술관,아프리카박물관,20190119,1
박물관/전시관/미술관,제주세계자연유산센터,20190119,2
박물관/전시관/미술관,제주돌문화공원,20190119,1
박물관/전시관/미술관,초콜릿박물관,20190119,1
박물관/전시관/미술관,제주추사관,20190119,1
산업,넥슨컴퓨터박물관,20190119,1
산업,맥파이브루어리,20190119,1
산업,신화테마파크,20190119,1
산업,플레이케이팝,20190119,1
체험관광지,한라산소주공장,20190119,1
자연,1100고지습지,20190120,2
자연,거린사슴,20190120,1
자연,거문오름,20190120,4
자연,고근산,20190120,1
자연,금악오름,20190120,1
자연,다랑쉬오름,20190120,1
자연,다려도,20190120,1
자연,둔지봉,20190120,1
자연,따라비오름,20190120,1
자연,물영아리,20190120,2
자연,별도봉,20190120,1
자연,사라봉,20190120,1
자연,사라오름,20190120,1
자연,생각하는정원,20190120,1
자연,서건도,20190120,1
자연,아부오름,20190120,1
자연,엉알해안,20190120,1
자연,오백나한,20190120,1
자연,왕이메,20190120,1
자연,외돌개,20190120,2
자연,용천동굴,20190120,1
자연,우도등대,20190120,1
자연,월정리해수욕장,20190120,1
자연,저지오름,20190120,1
자연,정물오름,20190120,1
자연,절물자연휴양림,20190120,1
자연,제지기오름,20190120,1
자연,지미봉,20190120,1
자연,표선해수욕장,20190120,1
자연,한대오름,20190120,1
자연,한라수목원,20190120,1
자연,형제섬,20190120,2
체험관광지,마린파크,20190120,1
체험관광지,성이시돌목장,20190120,2
체험관광지,이중섭거리,20190120,3
체험관광지,점보빌리지,20190120,1
문화/예술/역사,관덕정,20190120,3
문화/예술/역사,백제사,20190120,1
문화/예술/역사,법화사,20190120,1
문화/예술/역사,약천사,20190120,1
문화/예술/역사,이중섭거주지,20190120,1
문화/예술/역사,삼성혈,20190120,1
문화/예술/역사,제주목관아,20190120,2
박물관/전시관/미술관,제주도립미술관,20190120,2
박물관/전시관/미술관,본태박물관,20190120,3
박물관/전시관/미술관,아프리카박물관,20190120,1
박물관/전시관/미술관,제주세계자연유산센터,20190120,2
박물관/전시관/미술관,테디베어사파리,20190120,1
박물관/전시관/미술관,헬로키티아일랜드,20190120,4
산업,신화워터파크,20190120,1
산업,플레이케이팝,20190120,1
자연,문섬,20190120,1
자연,범섬,20190120,2
자연,1100고지습지,20190121,2
자연,거문오름,20190121,1
자연,검멀레해변,20190121,3
자연,금능해수욕장,20190121,1
자연,김녕해수욕장,20190121,2
자연,큰엉해안경승지,20190121,1
자연,높은오름,20190121,1
자연,둔지봉,20190121,1
자연,따라비오름,20190121,1
자연,무수천,20190121,3
자연,물영아리,20190121,1
자연,사라봉,20190121,2
자연,사라오름,20190121,4
자연,서건도,20190121,1
자연,쇠머리오름,20190121,1
자연,수악,20190121,1
자연,신천목장,20190121,1
자연,아부오름,20190121,2
자연,안덕계곡,20190121,1
자연,엉알해안,20190121,1
자연,여미지식물원,20190121,2
자연,오백나한,20190121,2
자연,왕이메,20190121,1
자연,외돌개,20190121,1
자연,용연구름다리,20190121,2
자연,우도등대,20190121,2
자연,월정리해수욕장,20190121,1
자연,이호테우해수욕장,20190121,2
자연,절물자연휴양림,20190121,4
자연,제지기오름,20190121,1
자연,대포주상절리,20190121,1
자연,지미봉,20190121,2
자연,천제연폭포,20190121,2
자연,표선해수욕장,20190121,2
자연,한라산국립공원,20190121,1
자연,한라산영실,20190121,7
자연,한라수목원,20190121,2
자연,형제섬,20190121,1
자연,황우지해안,20190121,1
체험관광지,교래삼다수마을,20190121,1
체험관광지,두맹이골목,20190121,1
체험관광지,이중섭거리,20190121,3
체험관광지,하도어촌체험마을,20190121,1
건축/조형물,새연교,20190121,4
문화/예술/역사,관덕정,20190121,3
문화/예술/역사,백제사,20190121,1
문화/예술/역사,별방진,20190121,1
문화/예술/역사,성읍민속마을,20190121,1
문화/예술/역사,오현단,20190121,1
문화/예술/역사,삼성혈,20190121,1
문화/예술/역사,제주목관아,20190121,1
문화/예술/역사,제주민속촌,20190121,3
박물관/전시관/미술관,국립제주박물관,20190121,2
박물관/전시관/미술관,그리스신화박물관,20190121,1
박물관/전시관/미술관,본태박물관,20190121,1
박물관/전시관/미술관,아프리카박물관,20190121,1
박물관/전시관/미술관,제주세계자연유산센터,20190121,1
박물관/전시관/미술관,제주돌문화공원,20190121,1
박물관/전시관/미술관,서복전시관,20190121,1
박물관/전시관/미술관,제주아쿠아플라넷,20190121,2
박물관/전시관/미술관,제주국제평화센터,20190121,1
박물관/전시관/미술관,하멜상선전시관,20190121,1
박물관/전시관/미술관,헬로키티아일랜드,20190121,1
산업,넥슨컴퓨터박물관,20190121,1
산업,플레이케이팝,20190121,1
자연,섶섬,20190121,1
자연,범섬,20190121,2
자연,1100고지습지,20190122,2
자연,가마오름,20190122,1
자연,강정천,20190122,1
자연,거문오름,20190122,4
자연,검멀레해변,20190122,1
자연,고근산,20190122,3
자연,금능해수욕장,20190122,2
자연,금악오름,20190122,1
자연,김녕해수욕장,20190122,1
자연,높은오름,20190122,1
자연,다랑쉬오름,20190122,3
자연,돈내코유원지,20190122,2
자연,따라비오름,20190122,1
자연,방선문,20190122,1
자연,붉은오름자연휴양림,20190122,1
자연,사라봉,20190122,2
자연,사라오름,20190122,3
자연,산지천,20190122,2
자연,서귀포자연휴양림,20190122,1
자연,세화해변,20190122,4
자연,손자봉,20190122,1
자연,쇠머리오름,20190122,2
자연,신천목장,20190122,3
자연,아부오름,20190122,2
자연,엉알해안,20190122,1
자연,열안지오름,20190122,1
자연,오백나한,20190122,1
자연,왕이메,20190122,1
자연,외돌개,20190122,1
자연,용연구름다리,20190122,1
자연,우도등대,20190122,1
자연,이호테우해수욕장,20190122,1
자연,정물오름,20190122,2
자연,절물자연휴양림,20190122,3
자연,제지기오름,20190122,1
자연,지미봉,20190122,2
자연,천제연폭포,20190122,2
자연,하고수동해변,20190122,1
자연,한라산국립공원,20190122,3
자연,한라산영실,20190122,5
자연,한라수목원,20190122,1
자연,형제섬,20190122,1
자연,황우지해안,20190122,1
체험관광지,다희연,20190122,1
체험관광지,마린파크,20190122,1
체험관광지,가시리마을,20190122,1
체험관광지,성이시돌목장,20190122,2
체험관광지,점보빌리지,20190122,1
체험관광지,청수마을,20190122,1
체험관광지,제주허브동산,20190122,2
건축/조형물,새연교,20190122,3
문화/예술/역사,관덕정,20190122,5
문화/예술/역사,백제사,20190122,1
문화/예술/역사,산방굴사,20190122,1
문화/예술/역사,성읍민속마을,20190122,2
문화/예술/역사,약천사,20190122,1
문화/예술/역사,절부암,20190122,1
문화/예술/역사,삼성혈,20190122,1
문화/예술/역사,제주목관아,20190122,2
문화/예술/역사,제주민속촌,20190122,1
박물관/전시관/미술관,제주도립미술관,20190122,2
박물관/전시관/미술관,기당미술관,20190122,1
박물관/전시관/미술관,제주현대미술관,20190122,1
박물관/전시관/미술관,국립제주박물관,20190122,2
박물관/전시관/미술관,그리스신화박물관,20190122,1
박물관/전시관/미술관,본태박물관,20190122,2
박물관/전시관/미술관,제주세계자연유산센터,20190122,1
박물관/전시관/미술관,제주민속자연사박물관,20190122,1
박물관/전시관/미술관,제주돌문화공원,20190122,3
박물관/전시관/미술관,제주평화박물관,20190122,1
박물관/전시관/미술관,초콜릿박물관,20190122,1
박물관/전시관/미술관,피규어뮤지엄제주,20190122,2
박물관/전시관/미술관,서복전시관,20190122,1
박물관/전시관/미술관,제주추사관,20190122,1
박물관/전시관/미술관,하멜상선전시관,20190122,2
박물관/전시관/미술관,헬로키티아일랜드,20190122,1
산업,맥파이브루어리,20190122,1
산업,신화테마파크,20190122,1
산업,제주맥주양조장,20190122,1
산업,플레이케이팝,20190122,2
자연,문섬,20190122,3
자연,범섬,20190122,1
체험관광지,물드리네,20190122,1
박물관/전시관/미술관,더플래닛,20190122,1
자연,금능해수욕장,20190123,1
자연,김녕해수욕장,20190123,1
자연,큰엉해안경승지,20190123,1
자연,다랑쉬오름,20190123,1
자연,다려도,20190123,1
자연,따라비오름,20190123,1
자연,물영아리,20190123,2
자연,방선문,20190123,1
자연,별도봉,20190123,1
자연,사라봉,20190123,5
자연,사라오름,20190123,5
자연,산지등대,20190123,1
자연,산지천,20190123,2
자연,삼양해수욕장,20190123,1
자연,생각하는정원,20190123,1
자연,소남머리,20190123,1
자연,신천목장,20190123,2
자연,엉알해안,20190123,1
자연,오백나한,20190123,1
자연,왕이메,20190123,1
자연,외돌개,20190123,4
자연,용연구름다리,20190123,1
자연,우도등대,20190123,2
자연,정물오름,20190123,2
자연,절물자연휴양림,20190123,1
자연,제지기오름,20190123,1
자연,대포주상절리,20190123,1
자연,지미봉,20190123,1
자연,천제연폭포,20190123,3
자연,표선해수욕장,20190123,1
자연,하모해수욕장,20190123,1
자연,한라산영실,20190123,2
자연,한라생태숲,20190123,1
자연,한라수목원,20190123,2
자연,황우지해안,20190123,2
체험관광지,마린파크,20190123,3
체험관광지,성이시돌목장,20190123,1
체험관광지,이중섭거리,20190123,2
체험관광지,점보빌리지,20190123,1
건축/조형물,새연교,20190123,5
건축/조형물,선임교,20190123,3
문화/예술/역사,관덕정,20190123,5
문화/예술/역사,모충사,20190123,1
문화/예술/역사,방사탑,20190123,1
문화/예술/역사,산방굴사,20190123,1
문화/예술/역사,오현단,20190123,1
문화/예술/역사,절부암,20190123,1
문화/예술/역사,삼성혈,20190123,3
문화/예술/역사,제주목관아,20190123,1
문화/예술/역사,제주민속촌,20190123,1
문화/예술/역사,제주성지,20190123,1
박물관/전시관/미술관,제주현대미술관,20190123,1
박물관/전시관/미술관,아프리카박물관,20190123,1
박물관/전시관/미술관,제주세계자연유산센터,20190123,1
박물관/전시관/미술관,서귀포천문과학문화관,20190123,1
박물관/전시관/미술관,하멜상선전시관,20190123,1
산업,넥슨컴퓨터박물관,20190123,1
산업,신화테마파크,20190123,1
산업,플레이케이팝,20190123,1
자연,문섬,20190123,1
자연,섶섬,20190123,1
자연,범섬,20190123,2
체험관광지,제주샘주,20190123,1
체험관광지,한라산소주공장,20190123,1
박물관/전시관/미술관,더플래닛,20190123,1
자연,가마오름,20190124,1
자연,강정천,20190124,3
자연,거문오름,20190124,3
자연,검멀레해변,20190124,1
자연,고근산,20190124,2
자연,금능해수욕장,20190124,2
자연,금악오름,20190124,1
자연,김녕해수욕장,20190124,3
자연,큰엉해안경승지,20190124,3
자연,다랑쉬오름,20190124,1
자연,다려도,20190124,1
자연,바농오름,20190124,6
자연,방선문,20190124,1
자연,별도봉,20190124,2
자연,비양봉,20190124,1
자연,사라봉,20190124,4
자연,사라오름,20190124,4
자연,산지등대,20190124,1
자연,산지천,20190124,3
자연,삼양해수욕장,20190124,2
자연,서건도,20190124,1
자연,석부작박물관,20190124,1
자연,선흘곶자왈,20190124,2
자연,세화해변,20190124,1
자연,소정방폭포,20190124,1
자연,수악,20190124,1
자연,신천목장,20190124,3
자연,안덕계곡,20190124,1
자연,엉또폭포,20190124,1
자연,엉알해안,20190124,1
자연,오백나한,20190124,3
자연,외돌개,20190124,4
자연,우도등대,20190124,1
자연,절물자연휴양림,20190124,3
자연,제지기오름,20190124,1
자연,지미봉,20190124,3
자연,천제연폭포,20190124,3
자연,한라산국립공원,20190124,1
자연,한라산영실,20190124,4
자연,한라생태숲,20190124,1
자연,한라수목원,20190124,1
자연,형제섬,20190124,1
자연,화순금모래해수욕장,20190124,1
자연,황우지해안,20190124,1
체험관광지,마린파크,20190124,2
체험관광지,성이시돌목장,20190124,2
체험관광지,이중섭거리,20190124,1
체험관광지,점보빌리지,20190124,2
건축/조형물,새연교,20190124,3
문화/예술/역사,관덕정,20190124,3
문화/예술/역사,모충사,20190124,1
문화/예술/역사,방사탑,20190124,1
문화/예술/역사,불탑사,20190124,1
문화/예술/역사,산방굴사,20190124,1
문화/예술/역사,약천사,20190124,4
문화/예술/역사,연북정,20190124,1
문화/예술/역사,오현단,20190124,1
문화/예술/역사,삼성혈,20190124,1
문화/예술/역사,제주목관아,20190124,1
문화/예술/역사,제주민속촌,20190124,2
문화/예술/역사,제주성지,20190124,2
박물관/전시관/미술관,김영갑갤러리두모악,20190124,1
박물관/전시관/미술관,왈종미술관,20190124,1
박물관/전시관/미술관,제주도립미술관,20190124,1
박물관/전시관/미술관,제주현대미술관,20190124,1
박물관/전시관/미술관,믿거나말거나박물관,20190124,1
박물관/전시관/미술관,본태박물관,20190124,2
박물관/전시관/미술관,제주돌문화공원,20190124,1
박물관/전시관/미술관,초콜릿박물관,20190124,1
박물관/전시관/미술관,피규어뮤지엄제주,20190124,2
박물관/전시관/미술관,서복전시관,20190124,1
박물관/전시관/미술관,제주아쿠아플라넷,20190124,1
박물관/전시관/미술관,제주추사관,20190124,1
산업,넥슨컴퓨터박물관,20190124,1
산업,플레이케이팝,20190124,4
자연,문섬,20190124,3
자연,섶섬,20190124,1
자연,범섬,20190124,3
자연,걸매생태공원,20190124,1
박물관/전시관/미술관,더플래닛,20190124,1
자연,1100고지습지,20190125,1
자연,가마오름,20190125,1
자연,강정천,20190125,1
자연,고근산,20190125,1
자연,금능해수욕장,20190125,1
자연,김녕해수욕장,20190125,1
자연,높은오름,20190125,2
자연,다랑쉬오름,20190125,2
자연,다려도,20190125,2
자연,따라비오름,20190125,1
자연,마라도등대,20190125,1
자연,바농오름,20190125,1
자연,붉은오름자연휴양림,20190125,1
자연,사라봉,20190125,2
자연,사라오름,20190125,7
자연,산지등대,20190125,1
자연,산지천,20190125,1
자연,서귀포자연휴양림,20190125,1
자연,소정방폭포,20190125,1
자연,수악,20190125,1
자연,신천목장,20190125,2
자연,아부오름,20190125,1
자연,여미지식물원,20190125,4
자연,오백나한,20190125,1
자연,외돌개,20190125,3
자연,우도등대,20190125,1
자연,저지오름,20190125,1
자연,하도리철새도래지,20190125,1
자연,절물자연휴양림,20190125,2
자연,제지기오름,20190125,1
자연,중문색달해수욕장,20190125,1
자연,지미봉,20190125,2
자연,천제연폭포,20190125,2
자연,한대오름,20190125,1
자연,한라산국립공원,20190125,1
자연,한라산영실,20190125,3
자연,한라수목원,20190125,1
자연,형제섬,20190125,2
자연,혼인지,20190125,1
체험관광지,다희연,20190125,1
체험관광지,마린파크,20190125,3
체험관광지,성이시돌목장,20190125,1
체험관광지,이중섭거리,20190125,3
건축/조형물,새연교,20190125,3
문화/예술/역사,관덕정,20190125,1
문화/예술/역사,백제사,20190125,1
문화/예술/역사,법화사,20190125,1
문화/예술/역사,성읍민속마을,20190125,2
문화/예술/역사,약천사,20190125,1
문화/예술/역사,오현단,20190125,1
문화/예술/역사,삼성혈,20190125,1
문화/예술/역사,제주민속촌,20190125,2
문화/예술/역사,제주향교,20190125,1
박물관/전시관/미술관,제주도립미술관,20190125,1
박물관/전시관/미술관,기당미술관,20190125,1
박물관/전시관/미술관,그리스신화박물관,20190125,1
박물관/전시관/미술관,제주평화박물관,20190125,1
박물관/전시관/미술관,서귀포천문과학문화관,20190125,1
박물관/전시관/미술관,제주아쿠아플라넷,20190125,1
박물관/전시관/미술관,제주국제평화센터,20190125,1
박물관/전시관/미술관,트랜스포머오토봇얼라이언스,20190125,1
산업,넥슨컴퓨터박물관,20190125,1
산업,신화테마파크,20190125,1
산업,플레이케이팝,20190125,2
자연,문섬,20190125,1
자연,섶섬,20190125,1
자연,범섬,20190125,1
자연,걸매생태공원,20190125,1
자연,1100고지습지,20190126,2
자연,거린사슴,20190126,1
자연,거문오름,20190126,1
자연,거미오름,20190126,1
자연,검멀레해변,20190126,1
자연,고근산,20190126,1
자연,김녕해수욕장,20190126,1
자연,큰엉해안경승지,20190126,1
자연,높은오름,20190126,1
자연,다랑쉬오름,20190126,1
자연,사라오름,20190126,1
자연,생각하는정원,20190126,1
자연,세화해변,20190126,1
자연,손자봉,20190126,1
자연,쇠머리오름,20190126,1
자연,신천목장,20190126,1
자연,아부오름,20190126,1
자연,엉또폭포,20190126,1
자연,외돌개,20190126,3
자연,월정리해수욕장,20190126,2
자연,저지오름,20190126,1
자연,노루생태관찰원,20190126,1
자연,절물자연휴양림,20190126,1
자연,대포주상절리,20190126,2
자연,천제연폭포,20190126,3
자연,표선해수욕장,20190126,2
자연,하고수동해변,20190126,1
자연,한라산국립공원,20190126,1
자연,한라산영실,20190126,4
자연,한라수목원,20190126,1
자연,형제섬,20190126,3
자연,혼인지,20190126,2
자연,황우지해안,20190126,1
체험관광지,마린파크,20190126,1
체험관광지,성이시돌목장,20190126,4
체험관광지,제주마방목지,20190126,1
건축/조형물,새연교,20190126,3
건축/조형물,선임교,20190126,1
문화/예술/역사,관덕정,20190126,3
문화/예술/역사,대정향교,20190126,1
문화/예술/역사,방사탑,20190126,1
문화/예술/역사,백제사,20190126,1
문화/예술/역사,법화사,20190126,1
문화/예술/역사,성읍민속마을,20190126,1
문화/예술/역사,약천사,20190126,1
문화/예술/역사,절부암,20190126,1
문화/예술/역사,삼성혈,20190126,2
문화/예술/역사,제주성지,20190126,1
문화/예술/역사,제주향교,20190126,1
박물관/전시관/미술관,제주도립미술관,20190126,1
박물관/전시관/미술관,기당미술관,20190126,1
박물관/전시관/미술관,제주현대미술관,20190126,2
박물관/전시관/미술관,그리스신화박물관,20190126,1
박물관/전시관/미술관,본태박물관,20190126,1
박물관/전시관/미술관,제주돌문화공원,20190126,1
박물관/전시관/미술관,초콜릿박물관,20190126,1
박물관/전시관/미술관,서복전시관,20190126,1
박물관/전시관/미술관,제주아쿠아플라넷,20190126,1
박물관/전시관/미술관,캐릭파크,20190126,1
박물관/전시관/미술관,하멜상선전시관,20190126,2
박물관/전시관/미술관,헬로키티아일랜드,20190126,1
산업,플레이케이팝,20190126,1
자연,문섬,20190126,1
자연,섶섬,20190126,1
자연,범섬,20190126,1
자연,걸매생태공원,20190126,1
자연,거문오름,20190127,1
자연,검멀레해변,20190127,1
자연,고근산,20190127,3
자연,금능해수욕장,20190127,1
자연,금악오름,20190127,1
자연,다려도,20190127,1
자연,물영아리,20190127,1
자연,별도봉,20190127,2
자연,사라봉,20190127,2
자연,사라오름,20190127,1
자연,산지천,20190127,2
자연,생각하는정원,20190127,1
자연,선흘곶자왈,20190127,2
자연,신천목장,20190127,1
자연,안덕계곡,20190127,1
자연,외돌개,20190127,2
자연,용연구름다리,20190127,1
자연,이호테우해수욕장,20190127,1
자연,절물자연휴양림,20190127,1
자연,지미봉,20190127,1
자연,한라산영실,20190127,1
자연,한라수목원,20190127,1
자연,형제섬,20190127,2
체험관광지,마린파크,20190127,2
체험관광지,이중섭거리,20190127,3
문화/예술/역사,불탑사,20190127,1
문화/예술/역사,약천사,20190127,1
문화/예술/역사,오현단,20190127,1
문화/예술/역사,제주민속촌,20190127,1
박물관/전시관/미술관,제주도립미술관,20190127,1
박물관/전시관/미술관,믿거나말거나박물관,20190127,1
박물관/전시관/미술관,본태박물관,20190127,1
박물관/전시관/미술관,방림원,20190127,1
박물관/전시관/미술관,제주아쿠아플라넷,20190127,3
산업,신화워터파크,20190127,1
산업,제주맥주양조장,20190127,2
산업,플레이케이팝,20190127,2
자연,문섬,20190127,2
자연,범섬,20190127,2
자연,걸매생태공원,20190127,1
자연,1100고지습지,20190128,1
자연,강정천,20190128,2
자연,거문오름,20190128,3
자연,검멀레해변,20190128,1
자연,고근산,20190128,1
자연,금능해수욕장,20190128,1
자연,김녕해수욕장,20190128,2
자연,높은오름,20190128,1
자연,다랑쉬오름,20190128,2
자연,다려도,20190128,5
자연,따라비오름,20190128,1
자연,마라도등대,20190128,1
자연,무수천,20190128,1
자연,사라봉,20190128,3
자연,사라오름,20190128,2
자연,산지천,20190128,2
자연,생각하는정원,20190128,2
자연,서건도,20190128,1
자연,세화해변,20190128,3
자연,소남머리,20190128,1
자연,소정방폭포,20190128,1
자연,수악,20190128,2
자연,신천목장,20190128,1
자연,엉알해안,20190128,1
자연,여미지식물원,20190128,4
자연,오백나한,20190128,2
자연,외돌개,20190128,3
자연,우도등대,20190128,1
자연,월정리해수욕장,20190128,1
자연,저지오름,20190128,1
자연,제지기오름,20190128,1
자연,대포주상절리,20190128,2
자연,중문색달해수욕장,20190128,1
자연,지미봉,20190128,2
자연,천제연폭포,20190128,2
자연,표선해수욕장,20190128,2
자연,하모해수욕장,20190128,1
자연,한라산국립공원,20190128,2
자연,한라산영실,20190128,2
자연,한라수목원,20190128,1
자연,형제섬,20190128,5
자연,혼인지,20190128,2
자연,황우지해안,20190128,1
체험관광지,마린파크,20190128,5
체험관광지,성이시돌목장,20190128,3
체험관광지,이중섭거리,20190128,3
체험관광지,점보빌리지,20190128,2
체험관광지,조랑말체험공원,20190128,1
건축/조형물,새연교,20190128,5
건축/조형물,선임교,20190128,1
문화/예술/역사,관덕정,20190128,1
문화/예술/역사,대정향교,20190128,1
문화/예술/역사,백제사,20190128,1
문화/예술/역사,성읍민속마을,20190128,1
문화/예술/역사,이중섭거주지,20190128,1
문화/예술/역사,삼성혈,20190128,1
문화/예술/역사,제주목관아,20190128,1
문화/예술/역사,제주민속촌,20190128,7
박물관/전시관/미술관,김영갑갤러리두모악,20190128,1
박물관/전시관/미술관,왈종미술관,20190128,1
박물관/전시관/미술관,제주도립미술관,20190128,3
박물관/전시관/미술관,기당미술관,20190128,1
박물관/전시관/미술관,국립제주박물관,20190128,3
박물관/전시관/미술관,그리스신화박물관,20190128,1
박물관/전시관/미술관,믿거나말거나박물관,20190128,2
박물관/전시관/미술관,본태박물관,20190128,4
박물관/전시관/미술관,제주세계자연유산센터,20190128,1
박물관/전시관/미술관,제주교육박물관,20190128,1
박물관/전시관/미술관,제주민속자연사박물관,20190128,1
박물관/전시관/미술관,제주돌문화공원,20190128,1
박물관/전시관/미술관,테디베어사파리,20190128,1
박물관/전시관/미술관,방림원,20190128,1
박물관/전시관/미술관,서복전시관,20190128,2
박물관/전시관/미술관,헬로키티아일랜드,20190128,1
산업,제주맥주양조장,20190128,1
산업,플레이케이팝,20190128,3
자연,문섬,20190128,5
자연,섶섬,20190128,2
자연,범섬,20190128,1
자연,걸매생태공원,20190128,1
체험관광지,제주샘주,20190128,1
체험관광지,한라산소주공장,20190128,1
자연,거문오름,20190129,4
자연,검멀레해변,20190129,1
자연,구시물,20190129,1
자연,금악오름,20190129,1
자연,김녕해수욕장,20190129,1
자연,다랑쉬오름,20190129,1
자연,다려도,20190129,1
자연,따라비오름,20190129,2
자연,모지오름,20190129,1
자연,바농오름,20190129,1
자연,별도봉,20190129,1
자연,붉은오름자연휴양림,20190129,1
자연,사라봉,20190129,1
자연,사라오름,20190129,1
자연,삼양해수욕장,20190129,1
자연,세미오름,20190129,2
자연,생각하는정원,20190129,2
자연,선흘곶자왈,20190129,1
자연,세화해변,20190129,1
자연,수악,20190129,1
자연,아부오름,20190129,1
자연,엉알해안,20190129,1
자연,여미지식물원,20190129,1
자연,오백나한,20190129,2
자연,외돌개,20190129,3
자연,용천동굴,20190129,1
자연,정물오름,20190129,1
자연,문주란자생지,20190129,1
자연,절물자연휴양림,20190129,1
자연,대포주상절리,20190129,1
자연,지미봉,20190129,2
자연,하고수동해변,20190129,1
자연,한라산국립공원,20190129,1
자연,한라산영실,20190129,2
자연,한라생태숲,20190129,1
자연,한라수목원,20190129,1
자연,형제섬,20190129,1
자연,황우지해안,20190129,2
체험관광지,다희연,20190129,1
체험관광지,마린파크,20190129,1
체험관광지,이중섭거리,20190129,2
체험관광지,점보빌리지,20190129,1
건축/조형물,새연교,20190129,3
문화/예술/역사,관덕정,20190129,1
문화/예술/역사,방사탑,20190129,1
문화/예술/역사,백제사,20190129,1
문화/예술/역사,법화사,20190129,2
문화/예술/역사,성읍민속마을,20190129,3
문화/예술/역사,약천사,20190129,1
문화/예술/역사,연북정,20190129,1
문화/예술/역사,제주목관아,20190129,2
문화/예술/역사,제주민속촌,20190129,2
박물관/전시관/미술관,제주도립미술관,20190129,2
박물관/전시관/미술관,제주현대미술관,20190129,1
박물관/전시관/미술관,믿거나말거나박물관,20190129,1
박물관/전시관/미술관,본태박물관,20190129,2
박물관/전시관/미술관,아프리카박물관,20190129,1
박물관/전시관/미술관,제주세계자연유산센터,20190129,1
박물관/전시관/미술관,제주교육박물관,20190129,1
박물관/전시관/미술관,제주민속자연사박물관,20190129,1
박물관/전시관/미술관,테디베어사파리,20190129,1
박물관/전시관/미술관,피규어뮤지엄제주,20190129,1
박물관/전시관/미술관,방림원,20190129,1
박물관/전시관/미술관,제주국제평화센터,20190129,1
박물관/전시관/미술관,캐릭파크,20190129,1
산업,넥슨컴퓨터박물관,20190129,1
산업,플레이케이팝,20190129,3
자연,범섬,20190129,1
자연,1100고지습지,20190130,1
자연,갑선이오름,20190130,1
자연,거문오름,20190130,2
자연,검멀레해변,20190130,1
자연,고근산,20190130,1
자연,금능해수욕장,20190130,1
자연,김녕해수욕장,20190130,1
자연,큰엉해안경승지,20190130,1
자연,높은오름,20190130,1
자연,다랑쉬오름,20190130,3
자연,다려도,20190130,1
자연,둔지봉,20190130,1
자연,사라봉,20190130,1
자연,사라오름,20190130,1
자연,세미오름,20190130,1
자연,세화해변,20190130,3
자연,손자봉,20190130,1
자연,신양섭지해수욕장,20190130,1
자연,신천목장,20190130,1
자연,아부오름,20190130,1
자연,안덕계곡,20190130,2
자연,오백나한,20190130,1
자연,외돌개,20190130,3
자연,우도등대,20190130,1
자연,제지기오름,20190130,1
자연,대포주상절리,20190130,1
자연,지미봉,20190130,1
자연,표선해수욕장,20190130,1
자연,하고수동해변,20190130,1
자연,한라산국립공원,20190130,3
자연,한라산영실,20190130,1
자연,한라생태숲,20190130,2
자연,한라수목원,20190130,2
자연,형제섬,20190130,5
자연,혼인지,20190130,2
체험관광지,다희연,20190130,3
체험관광지,도순다원,20190130,1
체험관광지,마린파크,20190130,2
체험관광지,가시리마을,20190130,1
체험관광지,이중섭거리,20190130,3
체험관광지,점보빌리지,20190130,1
체험관광지,제주허브동산,20190130,1
체험관광지,제이엠그랑블루요트,20190130,1
문화/예술/역사,관덕정,20190130,2
문화/예술/역사,방사탑,20190130,1
문화/예술/역사,백제사,20190130,1
문화/예술/역사,법화사,20190130,1
문화/예술/역사,성읍민속마을,20190130,2
문화/예술/역사,약천사,20190130,1
문화/예술/역사,오현단,20190130,1
문화/예술/역사,삼성혈,20190130,1
문화/예술/역사,제주목관아,20190130,1
문화/예술/역사,제주민속촌,20190130,1
문화/예술/역사,제주성지,20190130,1
박물관/전시관/미술관,김영갑갤러리두모악,20190130,1
박물관/전시관/미술관,제주도립미술관,20190130,2
박물관/전시관/미술관,제주현대미술관,20190130,1
박물관/전시관/미술관,믿거나말거나박물관,20190130,1
박물관/전시관/미술관,본태박물관,20190130,2
박물관/전시관/미술관,제주테디베어뮤지엄,20190130,2
박물관/전시관/미술관,피규어뮤지엄제주,20190130,1
박물관/전시관/미술관,갓전시관,20190130,1
박물관/전시관/미술관,방림원,20190130,1
박물관/전시관/미술관,제주추사관,20190130,1
박물관/전시관/미술관,제주통일관,20190130,1
박물관/전시관/미술관,헬로키티아일랜드,20190130,1
산업,넥슨컴퓨터박물관,20190130,3
산업,플레이케이팝,20190130,2
자연,문섬,20190130,1
박물관/전시관/미술관,더플래닛,20190130,1
자연,1100고지습지,20190131,2
자연,감낭오름,20190131,1
자연,강정천,20190131,1
자연,개오름,20190131,1
자연,거린사슴,20190131,1
자연,거문오름,20190131,6
자연,검멀레해변,20190131,1
자연,금악오름,20190131,1
자연,김녕해수욕장,20190131,1
자연,다랑쉬오름,20190131,1
자연,돈내코유원지,20190131,1
자연,따라비오름,20190131,1
자연,물영아리,20190131,1
자연,별도봉,20190131,3
자연,붉은오름자연휴양림,20190131,1
자연,사라봉,20190131,6
자연,사라오름,20190131,3
자연,생각하는정원,20190131,1
자연,서귀포자연휴양림,20190131,1
자연,세화해변,20190131,1
자연,신천목장,20190131,1
자연,아부오름,20190131,1
자연,안덕계곡,20190131,1
자연,여미지식물원,20190131,2
자연,오백나한,20190131,1
자연,왕이메,20190131,1
자연,외돌개,20190131,4
자연,저지오름,20190131,1
자연,절물자연휴양림,20190131,2
자연,대포주상절리,20190131,1
자연,한라산영실,20190131,1
자연,한라생태숲,20190131,1
자연,한라수목원,20190131,4
자연,형제섬,20190131,1
자연,혼인지,20190131,2
자연,황우지해안,20190131,1
체험관광지,다희연,20190131,5
체험관광지,마린파크,20190131,1
체험관광지,가시리마을,20190131,1
체험관광지,성이시돌목장,20190131,1
체험관광지,이중섭거리,20190131,3
건축/조형물,새연교,20190131,5
문화/예술/역사,관덕정,20190131,5
문화/예술/역사,대정향교,20190131,1
문화/예술/역사,방사탑,20190131,1
문화/예술/역사,백제사,20190131,2
문화/예술/역사,산방굴사,20190131,1
문화/예술/역사,성읍민속마을,20190131,2
문화/예술/역사,약천사,20190131,1
문화/예술/역사,연북정,20190131,1
문화/예술/역사,제주목관아,20190131,2
문화/예술/역사,제주민속촌,20190131,5
문화/예술/역사,제주성지,20190131,1
박물관/전시관/미술관,왈종미술관,20190131,1
박물관/전시관/미술관,제주도립미술관,20190131,1
박물관/전시관/미술관,기당미술관,20190131,1
박물관/전시관/미술관,국립제주박물관,20190131,2
박물관/전시관/미술관,본태박물관,20190131,2
박물관/전시관/미술관,제주교육박물관,20190131,1
박물관/전시관/미술관,제주돌문화공원,20190131,1
박물관/전시관/미술관,제주테디베어뮤지엄,20190131,1
박물관/전시관/미술관,피규어뮤지엄제주,20190131,1
박물관/전시관/미술관,제주해녀박물관,20190131,1
박물관/전시관/미술관,방림원,20190131,1
박물관/전시관/미술관,제주아쿠아플라넷,20190131,1
박물관/전시관/미술관,캐릭파크,20190131,1
박물관/전시관/미술관,헬로키티아일랜드,20190131,1
산업,플레이케이팝,20190131,1
자연,문섬,20190131,1
자연,범섬,20190131,2
박물관/전시관/미술관,더플래닛,20190131,1
